year,X1,X2,Incumbent,DemVote,RepVote,DemShare,Contested,DemShare_Adj
1986,1,1,1,128930,44122,0.745036174097959,TRUE,0.745036174097959
1986,1,2,1,109229,52869,0.673845451516984,TRUE,0.673845451516984
1986,1,3,1,114276,49806,0.696456649723919,TRUE,0.696456649723919
1986,1,4,-1,66999,77212,0.464590079813606,TRUE,0.464590079813606
1986,1,5,1,63371,98664,0.39109451661678,TRUE,0.39109451661678
1986,1,6,-1,62133,111304,0.358245357103732,TRUE,0.358245357103732
1986,2,1,0,121848,100260,0.548597979361392,TRUE,0.548597979361392
1986,2,2,-1,43614,148770,0.226702844311377,TRUE,0.226702844311377
1986,3,1,-1,32396,113653,0.221815965874467,TRUE,0.221815965874467
1986,3,2,1,91033,47022,0.65939661729021,TRUE,0.65939661729021
1986,3,3,1,120222,0,1,FALSE,0.75
1986,3,4,1,134387,0,1,FALSE,0.75
1986,3,5,1,113690,0,1,FALSE,0.75
1986,3,6,1,131051,0,1,FALSE,0.75
1986,3,7,1,124183,0,1,FALSE,0.75
1986,3,8,0,104651,40259,0.722179283693327,TRUE,0.722179283693327
1986,3,9,1,110026,0,1,FALSE,0.75
1986,3,10,1,121578,49451,0.710861900613346,TRUE,0.710861900613346
1986,3,11,1,114926,0,1,FALSE,0.75
1986,4,1,-1,54787,70739,0.436459378933448,TRUE,0.436459378933448
1986,4,2,-1,29688,85479,0.257782177186173,TRUE,0.257782177186173
1986,5,1,1,85077,62397,0.576894910289271,TRUE,0.576894910289271
1986,5,2,-1,44586,113603,0.281852720479932,TRUE,0.281852720479932
1986,6,98,-1,0,168403,0,FALSE,0.25
1986,11,98,1,106351,53767,0.664203899624027,TRUE,0.664203899624027
1986,12,1,1,93497,29175,0.762170666492761,TRUE,0.762170666492761
1986,12,2,1,83821,35167,0.704449188153427,TRUE,0.704449188153427
1986,12,3,1,73743,51882,0.587008955223881,TRUE,0.587008955223881
1986,12,4,-1,49290,78699,0.385111220495511,TRUE,0.385111220495511
1986,12,5,-1,32145,94253,0.254315732843874,TRUE,0.254315732843874
1986,12,6,1,67460,28286,0.704572514778685,TRUE,0.704572514778685
1986,12,7,-1,24462,92254,0.209585660920525,TRUE,0.209585660920525
1986,12,8,1,57820,34268,0.62787768221701,TRUE,0.62787768221701
1986,12,9,1,89634,40226,0.690235638379794,TRUE,0.690235638379794
1986,12,10,1,46666,0,1,FALSE,0.75
1986,12,11,-1,35280,75037,0.319805650987608,TRUE,0.319805650987608
1986,12,12,-1,41967,72966,0.365143170368824,TRUE,0.365143170368824
1986,12,13,0,43920,82866,0.346410486962283,TRUE,0.346410486962283
1986,12,14,1,63057,23822,0.725802552975978,TRUE,0.725802552975978
1986,13,1,0,67139,55413,0.547840916508911,TRUE,0.547840916508911
1986,13,2,1,69771,35132,0.665100140129453,TRUE,0.665100140129453
1986,13,3,1,83985,60367,0.581806971846597,TRUE,0.581806971846597
1986,13,4,-1,43581,92214,0.320932287639457,TRUE,0.320932287639457
1986,13,5,-1,49728,93473,0.347260144831391,TRUE,0.347260144831391
1986,13,6,0,58317,27773,0.677395748635149,TRUE,0.677395748635149
1986,13,7,1,62836,18384,0.77365180989904,TRUE,0.77365180989904
1986,13,8,1,70605,0,1,FALSE,0.75
1986,13,9,0,50738,18040,0.737706824856786,TRUE,0.737706824856786
1986,13,10,1,76318,0,1,FALSE,0.75
1986,13,11,1,41689,4053,0.911394342180053,FALSE,0.75
1986,13,12,1,42138,2752,0.938694586767654,FALSE,0.75
1986,13,13,1,61089,10941,0.848104956268222,TRUE,0.848104956268222
1986,13,14,-1,27950,64647,0.30184563214791,TRUE,0.30184563214791
1986,13,15,-1,42147,58214,0.419953966182083,TRUE,0.419953966182083
1986,13,16,NA,NA,NA,NA,NA,NA
1986,13,17,1,95094,15587,0.859171854247793,TRUE,0.859171854247793
1986,13,18,1,43343,2479,0.94589934965737,FALSE,0.75
1986,13,19,NA,NA,NA,NA,NA,NA
1986,13,20,-1,66359,80220,0.452718329365052,TRUE,0.452718329365052
1986,13,21,-1,28339,102070,0.217308621337484,TRUE,0.217308621337484
1986,13,22,-1,36852,94244,0.281106975041191,TRUE,0.281106975041191
1986,13,23,1,140759,0,1,FALSE,0.75
1986,13,24,-1,49225,117285,0.295627890216804,TRUE,0.295627890216804
1986,13,25,-1,33864,104216,0.245249130938586,TRUE,0.245249130938586
1986,13,26,-1,0,94840,0,FALSE,0.25
1986,13,27,-1,82491,83430,0.497170340101615,TRUE,0.497170340101615
1986,13,28,1,103908,48213,0.683061510245134,TRUE,0.683061510245134
1986,13,29,-1,34194,99704,0.255373493256061,TRUE,0.255373493256061
1986,13,30,-1,86777,83402,0.50991602959237,TRUE,0.50991602959237
1986,13,31,-1,67574,92508,0.422121162904012,TRUE,0.422121162904012
1986,13,32,1,99745,0,1,FALSE,0.75
1986,13,33,1,109256,19147,0.850883546334587,TRUE,0.850883546334587
1986,13,34,0,56898,85856,0.398573770262129,TRUE,0.398573770262129
1986,14,1,1,88224,29811,0.747439318846105,TRUE,0.747439318846105
1986,14,2,1,128399,0,1,FALSE,0.75
1986,14,3,1,107804,66693,0.617798586795189,TRUE,0.617798586795189
1986,14,4,1,86133,55165,0.609583999773528,TRUE,0.609583999773528
1986,14,5,-1,45648,87593,0.342597248594652,TRUE,0.342597248594652
1986,14,6,1,98142,43858,0.691140845070423,TRUE,0.691140845070423
1986,14,7,0,69557,110118,0.38712675664394,TRUE,0.38712675664394
1986,14,8,1,85731,70047,0.550340869699187,TRUE,0.550340869699187
1986,14,9,-1,0,120890,0,FALSE,0.25
1986,14,10,-1,40248,118603,0.253369509792195,TRUE,0.253369509792195
1986,14,11,1,112405,46785,0.706105911175325,TRUE,0.706105911175325
1986,14,12,1,97135,46937,0.674211505358432,TRUE,0.674211505358432
1986,14,13,-1,71381,100701,0.414808056624168,TRUE,0.414808056624168
1986,14,14,1,104726,0,1,FALSE,0.75
1986,14,15,-1,56972,74829,0.432257721868575,TRUE,0.432257721868575
1986,14,16,-1,34399,100784,0.254462469393341,TRUE,0.254462469393341
1986,14,17,-1,36157,101027,0.263565721950082,TRUE,0.263565721950082
1986,14,18,1,104164,61164,0.630044517565083,TRUE,0.630044517565083
1986,14,19,-1,37223,100055,0.271150512099535,TRUE,0.271150512099535
1986,14,20,1,136638,0,1,FALSE,0.75
1986,14,21,-1,26324,111148,0.191486266294227,TRUE,0.191486266294227
1986,14,22,1,131650,0,1,FALSE,0.75
1986,14,23,-1,63875,79595,0.445215027531888,TRUE,0.445215027531888
1986,21,1,1,122376,4572,0.963985253804707,FALSE,0.75
1986,21,2,1,99268,19149,0.838291799319354,TRUE,0.838291799319354
1986,21,3,1,102949,52618,0.661766312906979,TRUE,0.661766312906979
1986,21,4,0,57925,61633,0.484492882115793,TRUE,0.484492882115793
1986,21,5,1,82466,34738,0.703610798266271,TRUE,0.703610798266271
1986,21,6,-1,32064,98196,0.246153846153846,TRUE,0.246153846153846
1986,21,7,1,90761,21055,0.811699577877942,TRUE,0.811699577877942
1986,21,8,1,82873,22383,0.787347039598693,TRUE,0.787347039598693
1986,21,9,1,92738,36715,0.716383552331734,TRUE,0.716383552331734
1986,21,10,-1,28990,87530,0.248798489529694,TRUE,0.248798489529694
1986,21,11,1,106970,44341,0.706954550561426,TRUE,0.706954550561426
1986,21,12,-1,25536,89044,0.222866119741665,TRUE,0.222866119741665
1986,21,13,-1,38874,107227,0.266076207555048,TRUE,0.266076207555048
1986,21,14,0,70293,77288,0.476301149877017,TRUE,0.476301149877017
1986,21,15,-1,0,115284,0,FALSE,0.25
1986,21,16,-1,46087,92982,0.331396644830983,TRUE,0.331396644830983
1986,21,17,1,85442,68101,0.556469523195457,TRUE,0.556469523195457
1986,21,18,-1,56331,94308,0.37394698584032,TRUE,0.37394698584032
1986,21,19,1,111105,56186,0.664142123604976,TRUE,0.664142123604976
1986,21,20,1,126556,59291,0.680968753867429,TRUE,0.680968753867429
1986,21,21,1,65722,64779,0.503612999134106,TRUE,0.503612999134106
1986,21,22,1,97585,85733,0.532326340021165,TRUE,0.532326340021165
1986,22,1,1,86983,30395,0.741050281994922,TRUE,0.741050281994922
1986,22,2,1,102456,62013,0.622950221622312,TRUE,0.622950221622312
1986,22,3,-1,75932,75979,0.499845304158356,TRUE,0.499845304158356
1986,22,4,-1,43105,99865,0.301496817514164,TRUE,0.301496817514164
1986,22,5,0,80772,75507,0.516844873591461,TRUE,0.516844873591461
1986,22,6,-1,53431,118363,0.311017846956238,TRUE,0.311017846956238
1986,22,7,-1,49675,104965,0.321229953440248,TRUE,0.321229953440248
1986,22,8,1,106662,93586,0.532649514601894,TRUE,0.532649514601894
1986,22,9,1,120586,46398,0.722141043453265,TRUE,0.722141043453265
1986,22,10,1,68817,49064,0.583783646219493,TRUE,0.583783646219493
1986,23,1,1,94307,10407,0.900615008499341,FALSE,0.75
1986,23,2,-1,55204,79567,0.409613344117058,TRUE,0.409613344117058
1986,23,3,1,78720,51678,0.603690240647863,TRUE,0.603690240647863
1986,23,4,0,41624,70331,0.371792237952749,TRUE,0.371792237952749
1986,23,5,1,40608,100577,0.287622622799872,TRUE,0.287622622799872
1986,23,6,1,74927,57283,0.56672717646169,TRUE,0.56672717646169
1986,23,7,1,101225,24848,0.802907839109088,TRUE,0.802907839109088
1986,23,8,1,97406,36695,0.726362965227701,TRUE,0.726362965227701
1986,23,9,-1,49702,89991,0.355794492207913,TRUE,0.355794492207913
1986,23,10,1,74941,78475,0.488482296501017,TRUE,0.488482296501017
1986,23,11,-1,53180,91575,0.367379365134192,TRUE,0.367379365134192
1986,23,12,1,87643,44442,0.663534844986183,TRUE,0.663534844986183
1986,23,13,1,76435,12395,0.860463807272318,TRUE,0.860463807272318
1986,23,14,1,92328,33831,0.731838394407058,TRUE,0.731838394407058
1986,23,15,1,77950,25078,0.756590441433397,TRUE,0.756590441433397
1986,23,16,1,101659,28971,0.778220929342417,TRUE,0.778220929342417
1986,23,17,1,105031,30879,0.772798175263042,TRUE,0.772798175263042
1986,23,18,-1,39144,110099,0.262283658195024,TRUE,0.262283658195024
1986,24,1,1,90477,56100,0.617266010356331,TRUE,0.617266010356331
1986,24,2,-1,43448,105061,0.292561393585574,TRUE,0.292561393585574
1986,24,3,1,98311,35167,0.736533361302986,TRUE,0.736533361302986
1986,24,4,-1,26320,115751,0.185259482934589,TRUE,0.185259482934589
1986,24,5,-1,54864,102016,0.349719530851606,TRUE,0.349719530851606
1986,24,6,-1,42155,106354,0.283854850547778,TRUE,0.283854850547778
1986,24,7,-1,0,119238,0,FALSE,0.25
1986,24,8,0,46195,98475,0.319312919057165,TRUE,0.319312919057165
1986,24,9,1,105646,30643,0.775161605118535,TRUE,0.775161605118535
1986,24,10,-1,44847,106870,0.295596406467304,TRUE,0.295596406467304
1986,24,11,1,104740,35944,0.744505416394188,TRUE,0.744505416394188
1986,24,12,-1,42727,117905,0.265993077344489,TRUE,0.265993077344489
1986,24,13,1,88612,52452,0.628168774456984,TRUE,0.628168774456984
1986,24,14,0,83257,71713,0.537245918564884,TRUE,0.537245918564884
1986,24,15,-1,55750,97745,0.363204013160038,TRUE,0.363204013160038
1986,24,16,-1,36639,118206,0.236617262423714,TRUE,0.236617262423714
1986,24,17,1,112855,43334,0.722554085114829,TRUE,0.722554085114829
1986,24,18,1,126526,0,1,FALSE,0.75
1986,24,19,1,97814,80743,0.547802662455126,TRUE,0.547802662455126
1986,24,20,1,110976,19794,0.848635008029365,TRUE,0.848635008029365
1986,24,21,1,99878,22594,0.8155170161343,TRUE,0.8155170161343
1986,25,1,1,106288,34495,0.754977518592444,TRUE,0.754977518592444
1986,25,2,1,106919,85156,0.556652349342705,TRUE,0.556652349342705
1986,25,3,-1,58445,104393,0.358914995271374,TRUE,0.358914995271374
1986,25,4,1,120354,0,1,FALSE,0.75
1986,25,5,1,109506,0,1,FALSE,0.75
1986,25,6,-1,0,124328,0,FALSE,0.25
1986,25,7,1,106700,63408,0.627248571495756,TRUE,0.627248571495756
1986,25,8,-1,57265,118162,0.3264320771603,TRUE,0.3264320771603
1986,25,9,-1,38636,138766,0.217787849065963,TRUE,0.217787849065963
1986,31,1,-1,43985,86834,0.336227917962987,TRUE,0.336227917962987
1986,31,2,-1,55903,88708,0.386575018497901,TRUE,0.386575018497901
1986,31,3,0,83504,69386,0.546170449342665,TRUE,0.546170449342665
1986,31,4,1,107271,49641,0.683637962679719,TRUE,0.683637962679719
1986,31,5,-1,58552,85025,0.407809050196062,TRUE,0.407809050196062
1986,31,6,0,78807,81861,0.490495929494361,TRUE,0.490495929494361
1986,32,1,-1,43359,141297,0.234809591889784,TRUE,0.234809591889784
1986,32,2,1,110737,46029,0.706384037355039,TRUE,0.706384037355039
1986,32,3,-1,0,109266,0,FALSE,0.25
1986,32,4,1,111164,61178,0.64501978623899,TRUE,0.64501978623899
1986,32,5,-1,47540,116800,0.289278325422904,TRUE,0.289278325422904
1986,33,1,1,125115,47750,0.723772886356405,TRUE,0.723772886356405
1986,33,2,-1,94048,100249,0.484042471062343,TRUE,0.484042471062343
1986,33,3,-1,54261,127434,0.298637827127879,TRUE,0.298637827127879
1986,33,4,1,112662,41926,0.728788780500427,TRUE,0.728788780500427
1986,33,5,1,105410,37583,0.737168952326338,TRUE,0.737168952326338
1986,33,6,1,110598,57460,0.658094229373193,TRUE,0.658094229373193
1986,33,7,-1,93903,94024,0.499678066483262,TRUE,0.499678066483262
1986,33,8,1,135718,51315,0.725636652355467,TRUE,0.725636652355467
1986,34,1,1,91044,46599,0.661450273533707,TRUE,0.661450273533707
1986,34,2,1,93538,101010,0.480796512942821,TRUE,0.480796512942821
1986,34,3,1,116403,52382,0.689652516515093,TRUE,0.689652516515093
1986,34,4,1,129471,0,1,FALSE,0.75
1986,34,5,1,101030,39340,0.719740685331624,TRUE,0.719740685331624
1986,34,6,-1,73155,95865,0.432818601348953,TRUE,0.432818601348953
1986,34,7,-1,56291,114210,0.330150556301723,TRUE,0.330150556301723
1986,34,8,-1,71532,79142,0.47474680435908,TRUE,0.47474680435908
1986,34,9,1,95939,70972,0.574791355872291,TRUE,0.574791355872291
1986,35,1,-1,67137,121772,0.355393337532886,TRUE,0.355393337532886
1986,35,2,-1,70372,99569,0.414096657075103,TRUE,0.414096657075103
1986,35,3,-1,59182,136985,0.301691925757135,TRUE,0.301691925757135
1986,36,98,1,216258,66989,0.763496171186279,TRUE,0.763496171186279
1986,37,98,1,171462,118261,0.591813559848545,TRUE,0.591813559848545
1986,40,1,-1,63364,80713,0.439792610895563,TRUE,0.439792610895563
1986,40,2,-1,54491,46137,0.541509321461224,TRUE,0.541509321461224
1986,40,3,-1,32961,74525,0.306653889808905,TRUE,0.306653889808905
1986,40,4,1,64699,0,1,FALSE,0.75
1986,40,5,1,73085,0,1,FALSE,0.75
1986,40,6,1,88230,38051,0.698679928096863,TRUE,0.698679928096863
1986,40,7,-1,0,58927,0,FALSE,0.25
1986,40,8,-1,44965,72670,0.382241679772177,TRUE,0.382241679772177
1986,40,9,1,59864,0,1,FALSE,0.75
1986,40,10,-1,63292,95724,0.398022840468884,TRUE,0.398022840468884
1986,41,1,-1,0,96469,0,FALSE,0.25
1986,41,2,-1,57568,115302,0.333013246948574,TRUE,0.333013246948574
1986,41,3,1,115127,27769,0.805669857798679,TRUE,0.805669857798679
1986,41,4,1,132881,38588,0.774956406114225,TRUE,0.774956406114225
1986,41,5,1,125406,33528,0.789044509041489,TRUE,0.789044509041489
1986,41,6,1,139608,51924,0.728901697888603,TRUE,0.728901697888603
1986,41,7,1,108126,72777,0.59770153065455,TRUE,0.59770153065455
1986,42,1,1,105773,58937,0.642177159856718,TRUE,0.642177159856718
1986,42,2,1,128814,41244,0.75747098048901,TRUE,0.75747098048901
1986,42,3,-1,36726,145113,0.201969874449376,TRUE,0.201969874449376
1986,42,4,1,115335,22980,0.833857499186639,TRUE,0.833857499186639
1986,43,1,1,97465,55415,0.637526164311879,TRUE,0.637526164311879
1986,43,2,1,110120,0,1,FALSE,0.75
1986,43,3,1,NA,NA,NA,NA,NA
1986,43,4,1,NA,NA,NA,NA,NA
1986,43,5,-1,NA,NA,NA,NA,NA
1986,43,6,1,143583,61053,0.70165073594089,TRUE,0.70165073594089
1986,43,7,1,NA,NA,NA,NA,NA
1986,43,8,-1,NA,NA,NA,NA,NA
1986,43,9,-1,68574,166504,0.291707433277465,TRUE,0.291707433277465
1986,43,10,-1,49559,122368,0.288256062165919,TRUE,0.288256062165919
1986,43,11,1,149036,55904,0.727217722260174,TRUE,0.727217722260174
1986,43,12,-1,0,150222,0,FALSE,0.25
1986,43,13,-1,62694,187794,0.25028743891923,TRUE,0.25028743891923
1986,43,14,1,171961,61185,0.737567875923241,TRUE,0.737567875923241
1986,43,15,-1,NA,NA,NA,NA,NA
1986,43,16,1,121213,52807,0.696546373980002,TRUE,0.696546373980002
1986,43,17,1,NA,NA,NA,NA,NA
1986,43,18,1,80047,28803,0.735388148828663,TRUE,0.735388148828663
1986,43,19,1,99203,44455,0.690549777944841,TRUE,0.690549777944841
1986,44,1,1,69440,0,1,FALSE,0.75
1986,44,2,1,72482,0,1,FALSE,0.75
1986,44,3,1,75850,0,1,FALSE,0.75
1986,44,4,-1,75892,86366,0.467724241639857,TRUE,0.467724241639857
1986,44,5,0,93229,30562,0.753116139299303,TRUE,0.753116139299303
1986,44,6,-1,51352,75583,0.404553511639816,TRUE,0.404553511639816
1986,44,7,1,88636,44891,0.663805822043482,TRUE,0.663805822043482
1986,44,8,1,82254,12952,0.863958153897864,TRUE,0.863958153897864
1986,44,9,1,84303,0,1,FALSE,0.75
1986,44,10,1,79548,38714,0.672642099744635,TRUE,0.672642099744635
1986,45,1,-1,NA,NA,NA,NA,NA
1986,45,2,1,NA,NA,NA,NA,NA
1986,45,3,1,NA,NA,NA,NA,NA
1986,45,4,1,NA,NA,NA,NA,NA
1986,45,5,1,NA,NA,NA,NA,NA
1986,45,6,-1,NA,NA,NA,NA,NA
1986,45,7,0,109205,0,1,FALSE,0.75
1986,45,8,0,96864,102276,0.486411569749925,TRUE,0.486411569749925
1986,46,1,1,59870,30267,0.664211145256665,TRUE,0.664211145256665
1986,46,2,-1,73119,68292,0.517067271994399,TRUE,0.517067271994399
1986,46,3,1,80575,0,1,FALSE,0.75
1986,46,4,1,85819,34190,0.715104700480797,TRUE,0.715104700480797
1986,46,5,-1,16143,75288,0.176559372641664,TRUE,0.176559372641664
1986,47,1,1,91122,39912,0.695407298868996,TRUE,0.695407298868996
1986,47,2,1,95320,32515,0.745648687761568,TRUE,0.745648687761568
1986,47,3,0,71460,39408,0.644550276003896,TRUE,0.644550276003896
1986,47,4,-1,92216,73469,0.556574222168573,TRUE,0.556574222168573
1986,47,5,1,86410,73261,0.541175291693545,TRUE,0.541175291693545
1986,47,6,-1,72250,72329,0.4997267929644,TRUE,0.4997267929644
1986,47,7,1,70471,39289,0.642046282798834,TRUE,0.642046282798834
1986,47,8,1,80959,58941,0.578691922802001,TRUE,0.578691922802001
1986,47,9,-1,76240,80352,0.48687033820374,TRUE,0.48687033820374
1986,47,10,0,62035,83902,0.425080685501278,TRUE,0.425080685501278
1986,47,11,-1,91575,89069,0.506936294590465,TRUE,0.506936294590465
1986,48,1,0,55262,59969,0.479575808593174,TRUE,0.479575808593174
1986,48,2,-1,63592,73455,0.464015994512831,TRUE,0.464015994512831
1986,48,3,1,79109,36495,0.68431023147988,TRUE,0.68431023147988
1986,48,4,-1,67012,61648,0.520845639670449,TRUE,0.520845639670449
1986,48,5,1,95859,0,1,FALSE,0.75
1986,48,6,1,92398,29922,0.755379332897319,TRUE,0.755379332897319
1986,49,1,1,84445,0,1,FALSE,0.75
1986,49,2,1,78529,55986,0.583793628963313,TRUE,0.583793628963313
1986,49,3,-1,0,143381,0,FALSE,0.25
1986,49,4,1,97540,38578,0.71658414023127,TRUE,0.71658414023127
1986,49,5,1,57410,39945,0.589697498844435,TRUE,0.589697498844435
1986,49,6,-1,68270,86190,0.441991454098148,TRUE,0.441991454098148
1986,49,7,-1,17635,129673,0.119715154641975,TRUE,0.119715154641975
1986,49,8,-1,30617,66280,0.315974694778992,TRUE,0.315974694778992
1986,49,9,1,73285,45834,0.61522511102343,TRUE,0.61522511102343
1986,49,10,1,135863,52000,0.723202546536572,TRUE,0.723202546536572
1986,49,11,1,84201,0,1,FALSE,0.75
1986,49,12,1,84831,38620,0.687163327960081,TRUE,0.687163327960081
1986,49,13,-1,45907,84980,0.350737659202213,TRUE,0.350737659202213
1986,49,14,-1,67852,74471,0.47674655537053,TRUE,0.47674655537053
1986,49,15,1,70777,0,1,FALSE,0.75
1986,49,16,1,50590,26421,0.656919141421355,TRUE,0.656919141421355
1986,49,17,1,97791,0,1,FALSE,0.75
1986,49,18,1,63335,0,1,FALSE,0.75
1986,49,19,-1,42129,68695,0.380143290262037,TRUE,0.380143290262037
1986,49,20,1,55363,0,1,FALSE,0.75
1986,49,21,-1,63779,100346,0.388600152322925,TRUE,0.388600152322925
1986,49,22,-1,30079,76459,0.282331186994312,TRUE,0.282331186994312
1986,49,23,0,68131,0,1,FALSE,0.75
1986,49,24,1,69368,33819,0.672255225949005,TRUE,0.672255225949005
1986,49,25,1,67435,0,1,FALSE,0.75
1986,49,26,-1,47651,101735,0.318979020791774,TRUE,0.318979020791774
1986,49,27,1,64165,0,1,FALSE,0.75
1986,51,1,1,64315,0,1,FALSE,0.75
1986,51,2,1,57644,0,1,FALSE,0.75
1986,51,3,1,81943,29348,0.736294938494577,TRUE,0.736294938494577
1986,51,4,0,53906,67626,0.443553961096666,TRUE,0.443553961096666
1986,51,5,-1,0,56760,0,FALSE,0.25
1986,51,6,-1,26315,75906,0.257432425822483,TRUE,0.257432425822483
1986,51,7,1,90619,23209,0.796104649119724,TRUE,0.796104649119724
1986,52,1,1,88113,43764,0.668145317227416,TRUE,0.668145317227416
1986,52,2,1,68200,96745,0.413471157052351,TRUE,0.413471157052351
1986,52,3,1,100161,26452,0.791079904907079,TRUE,0.791079904907079
1986,52,4,0,65075,64651,0.501634213650309,TRUE,0.501634213650309
1986,52,5,1,82098,18102,0.819341317365269,TRUE,0.819341317365269
1986,52,6,1,102975,39600,0.722251446607049,TRUE,0.722251446607049
1986,52,7,0,79226,12170,0.866843187885684,TRUE,0.866843187885684
1986,52,8,0,82825,92917,0.471287455474502,TRUE,0.471287455474502
1986,53,1,0,61663,78919,0.438626566701285,TRUE,0.438626566701285
1986,53,2,1,114543,41795,0.732662564443705,TRUE,0.732662564443705
1986,53,3,1,114008,31913,0.781299470261306,TRUE,0.781299470261306
1986,53,4,1,94984,29697,0.761816154827119,TRUE,0.761816154827119
1986,53,5,-1,45256,108774,0.293812893592157,TRUE,0.293812893592157
1986,53,6,1,NA,NA,NA,NA,NA
1986,54,1,-1,36278,80289,0.311220156648108,TRUE,0.311220156648108
1986,54,2,-1,30088,96396,0.237879889946555,TRUE,0.237879889946555
1986,54,3,1,75034,64084,0.539355079860263,TRUE,0.539355079860263
1986,54,4,1,86997,0,1,FALSE,0.75
1986,54,5,1,85126,58701,0.591863836414581,TRUE,0.591863836414581
1986,54,6,0,102180,30823,0.76825334766885,TRUE,0.76825334766885
1986,54,7,-1,35966,93902,0.276942741860967,TRUE,0.276942741860967
1986,54,8,1,101699,24792,0.804001865745389,TRUE,0.804001865745389
1986,54,9,1,83006,0,1,FALSE,0.75
1986,56,1,1,90715,0,1,FALSE,0.75
1986,56,2,1,76355,33554,0.694711079165491,TRUE,0.694711079165491
1986,56,3,1,73669,39820,0.649128990474848,TRUE,0.649128990474848
1986,56,4,1,58217,23490,0.712509332125767,TRUE,0.712509332125767
1986,61,1,0,51163,127370,0.286574470826122,TRUE,0.286574470826122
1986,61,2,1,77239,24522,0.75902359450084,TRUE,0.75902359450084
1986,61,3,-1,0,146462,0,FALSE,0.25
1986,61,4,0,66894,121939,0.35424952206447,TRUE,0.35424952206447
1986,61,5,-1,64848,119647,0.351489200249329,TRUE,0.351489200249329
1986,62,1,1,106113,49095,0.683682542137003,TRUE,0.683682542137003
1986,62,2,0,91223,86032,0.514642746325915,TRUE,0.514642746325915
1986,62,3,-1,95353,88508,0.518614605598795,TRUE,0.518614605598795
1986,62,4,-1,50672,117089,0.30204874792115,TRUE,0.30204874792115
1986,62,5,0,52488,121153,0.302278839674962,TRUE,0.302278839674962
1986,62,6,-1,53834,104359,0.340305828955769,TRUE,0.340305828955769
1986,63,1,-1,59723,120553,0.331286471854268,TRUE,0.331286471854268
1986,63,2,1,103035,86528,0.543539614798247,TRUE,0.543539614798247
1986,64,1,1,98501,61230,0.61666802311386,TRUE,0.61666802311386
1986,64,2,-1,73583,84548,0.46532937880618,TRUE,0.46532937880618
1986,65,1,0,61830,50342,0.551207074849339,TRUE,0.551207074849339
1986,65,2,-1,59433,83479,0.415871305418719,TRUE,0.415871305418719
1986,66,1,-1,37138,90476,0.291018226840315,TRUE,0.291018226840315
1986,66,2,-1,45924,77787,0.371220020855057,TRUE,0.371220020855057
1986,66,3,1,95760,38552,0.712966823515397,TRUE,0.712966823515397
1986,67,1,-1,77180,82151,0.484400399169025,TRUE,0.484400399169025
1986,67,2,0,76921,60967,0.557851299605477,TRUE,0.557851299605477
1986,67,3,-1,42582,86599,0.329630518419891,TRUE,0.329630518419891
1986,68,98,-1,48780,111007,0.305281405871567,TRUE,0.305281405871567
1986,71,1,1,138174,54436,0.71737708322517,TRUE,0.71737708322517
1986,71,2,0,74602,109758,0.404653937947494,TRUE,0.404653937947494
1986,71,3,1,158709,50265,0.759467684975164,TRUE,0.759467684975164
1986,71,4,1,128364,54596,0.70159597726279,TRUE,0.70159597726279
1986,71,5,1,122688,36039,0.772949781700656,TRUE,0.772949781700656
1986,71,6,1,142946,50606,0.738540547243118,TRUE,0.738540547243118
1986,71,7,1,124174,62379,0.665623174111379,TRUE,0.665623174111379
1986,71,8,1,121790,76850,0.6131192106323,TRUE,0.6131192106323
1986,71,9,1,113490,49300,0.697155844953621,TRUE,0.697155844953621
1986,71,10,1,84240,31826,0.725793944824496,TRUE,0.725793944824496
1986,71,11,1,112380,39315,0.740828636408583,TRUE,0.740828636408583
1986,71,12,0,69564,111252,0.384722590921157,TRUE,0.384722590921157
1986,71,13,1,107696,46754,0.697287147944319,TRUE,0.697287147944319
1986,71,14,-1,53597,146906,0.267312708538027,TRUE,0.267312708538027
1986,71,15,1,93600,35793,0.723377617027196,TRUE,0.723377617027196
1986,71,16,1,128151,31386,0.803268207375092,TRUE,0.803268207375092
1986,71,17,-1,58682,88787,0.397927700058995,TRUE,0.397927700058995
1986,71,18,1,101480,40907,0.712705513846067,TRUE,0.712705513846067
1986,71,19,-1,45619,122578,0.271223624678205,TRUE,0.271223624678205
1986,71,20,-1,49027,129989,0.273869374804487,TRUE,0.273869374804487
1986,71,21,0,54497,132090,0.2920728668128,TRUE,0.2920728668128
1986,71,22,-1,44036,141096,0.23786271417151,TRUE,0.23786271417151
1986,71,23,1,121468,58746,0.674020886279645,TRUE,0.674020886279645
1986,71,24,1,103914,0,1,FALSE,0.75
1986,71,25,1,62692,17558,0.781208722741433,TRUE,0.781208722741433
1986,71,26,1,98091,52662,0.650673618435454,TRUE,0.650673618435454
1986,71,27,1,110403,59410,0.650144570792578,TRUE,0.650144570792578
1986,71,28,1,92635,25858,0.781776138674858,TRUE,0.781776138674858
1986,71,29,1,78132,13432,0.853304792276441,TRUE,0.853304792276441
1986,71,30,1,59369,33705,0.637868792573651,TRUE,0.637868792573651
1986,71,31,1,77126,30322,0.717798376889286,TRUE,0.717798376889286
1986,71,32,1,90739,39003,0.699380308612477,TRUE,0.699380308612477
1986,71,33,-1,44312,118541,0.272098149865216,TRUE,0.272098149865216
1986,71,34,1,66404,43659,0.603327185339306,TRUE,0.603327185339306
1986,71,35,-1,38322,127235,0.231473148220854,TRUE,0.231473148220854
1986,71,36,1,78118,58660,0.571129860065215,TRUE,0.571129860065215
1986,71,37,-1,69808,122416,0.363159647078409,TRUE,0.363159647078409
1986,71,38,1,50625,66032,0.433964528489503,TRUE,0.433964528489503
1986,71,39,-1,42377,137603,0.235453939326592,TRUE,0.235453939326592
1986,71,40,-1,75664,119829,0.387041991273345,TRUE,0.387041991273345
1986,71,41,-1,59816,133566,0.309315241335802,TRUE,0.309315241335802
1986,71,42,-1,47586,140364,0.253184357541899,TRUE,0.253184357541899
1986,71,43,-1,45078,137341,0.247112417017964,TRUE,0.247112417017964
1986,71,44,1,70557,36359,0.659929290283961,TRUE,0.659929290283961
1986,71,45,-1,32800,118900,0.216216216216216,TRUE,0.216216216216216
1986,72,1,1,141585,87874,0.617038338003739,TRUE,0.617038338003739
1986,72,2,-1,75124,113566,0.398134506333139,TRUE,0.398134506333139
1986,72,3,1,180067,29321,0.8599680975032,TRUE,0.8599680975032
1986,72,4,1,105697,89795,0.540671741043112,TRUE,0.540671741043112
1986,72,5,-1,82290,125906,0.395252550481277,TRUE,0.395252550481277
1986,73,1,-1,92697,97969,0.486174776834884,TRUE,0.486174776834884
1986,73,2,1,124840,48077,0.721964873320726,TRUE,0.721964873320726
1986,73,3,1,114775,41275,0.735501441845562,TRUE,0.735501441845562
1986,73,4,-1,41709,107593,0.279359954990556,TRUE,0.279359954990556
1986,73,5,1,121732,41179,0.747230082683183,TRUE,0.747230082683183
1986,73,6,1,90063,36410,0.712112466692496,TRUE,0.712112466692496
1986,73,7,1,124317,46831,0.726371327739734,TRUE,0.726371327739734
1986,73,8,-1,57545,107824,0.34797936735422,TRUE,0.34797936735422
1986,81,98,-1,74053,101799,0.421109796874645,TRUE,0.421109796874645
1986,82,1,0,63061,99683,0.387485867374527,TRUE,0.387485867374527
1986,82,2,1,123830,35371,0.777821747350833,TRUE,0.777821747350833
1988,1,1,1,176463,51985,0.772442744081804,TRUE,0.772442744081804
1988,1,2,1,143326,81965,0.636181649511077,TRUE,0.636181649511077
1988,1,3,1,147394,74275,0.66492833910019,TRUE,0.66492833910019
1988,1,4,-1,55751,147843,0.273834199436133,TRUE,0.273834199436133
1988,1,5,-1,58612,163729,0.263613098798692,TRUE,0.263613098798692
1988,1,6,-1,78814,157020,0.33419269486164,TRUE,0.33419269486164
1988,2,1,1,190989,111125,0.632175271586222,TRUE,0.632175271586222
1988,2,2,-1,85346,167229,0.337903592992181,TRUE,0.337903592992181
1988,3,1,-1,38907,186356,0.172718111718303,TRUE,0.172718111718303
1988,3,2,1,156262,0,1,FALSE,0.75
1988,3,3,1,191005,0,1,FALSE,0.75
1988,3,4,1,169729,71661,0.703131861303285,TRUE,0.703131861303285
1988,3,5,1,181860,0,1,FALSE,0.75
1988,3,6,1,177643,77186,0.697106687229475,TRUE,0.697106687229475
1988,3,7,1,188647,0,1,FALSE,0.75
1988,3,8,1,165745,40316,0.804349197567711,TRUE,0.804349197567711
1988,3,9,1,160799,0,1,FALSE,0.75
1988,3,10,1,187178,93564,0.666726033154996,TRUE,0.666726033154996
1988,3,11,1,169692,40277,0.808176445094276,TRUE,0.808176445094276
1988,4,1,-1,86623,131824,0.396540121860222,TRUE,0.396540121860222
1988,4,2,-1,89677,119742,0.428218069993649,TRUE,0.428218069993649
1988,5,1,1,84141,105506,0.443671663669871,TRUE,0.443671663669871
1988,5,2,-1,56129,145218,0.278767500881563,TRUE,0.278767500881563
1988,6,98,0,45330,98937,0.314209070681445,TRUE,0.314209070681445
1988,11,98,1,158338,76179,0.675166405846911,TRUE,0.675166405846911
1988,12,1,1,141988,60037,0.702823907932187,TRUE,0.702823907932187
1988,12,2,1,134505,67759,0.664997231341217,TRUE,0.664997231341217
1988,12,3,1,117024,107479,0.52125806782092,TRUE,0.52125806782092
1988,12,4,-1,79066,155283,0.33738569398632,TRUE,0.33738569398632
1988,12,5,-1,54828,175562,0.23797907895308,TRUE,0.23797907895308
1988,12,6,1,120125,74824,0.616186797572698,TRUE,0.616186797572698
1988,12,7,-1,52189,153350,0.253912882713256,TRUE,0.253912882713256
1988,12,8,1,96036,0,1,FALSE,0.75
1988,12,9,1,142012,68363,0.675042186571598,TRUE,0.675042186571598
1988,12,10,0,84681,13848,0.859452546965868,TRUE,0.859452546965868
1988,12,11,-1,64773,154654,0.295191567127108,TRUE,0.295191567127108
1988,12,12,-1,71596,165918,0.301439073065167,TRUE,0.301439073065167
1988,12,13,-1,73561,167470,0.305193107940472,TRUE,0.305193107940472
1988,12,14,1,104001,47293,0.687409943553611,TRUE,0.687409943553611
1988,13,1,1,105624,102327,0.507927348269544,TRUE,0.507927348269544
1988,13,2,1,107646,66972,0.616465656461533,TRUE,0.616465656461533
1988,13,3,1,128336,91122,0.584786154981819,TRUE,0.584786154981819
1988,13,4,-1,59479,151038,0.282537752295539,TRUE,0.282537752295539
1988,13,5,-1,68930,134881,0.338205494305999,TRUE,0.338205494305999
1988,13,6,1,94506,0,1,FALSE,0.75
1988,13,7,1,93120,0,1,FALSE,0.75
1988,13,8,1,100240,0,1,FALSE,0.75
1988,13,9,0,72851,0,1,FALSE,0.75
1988,13,10,1,107056,24313,0.814925895759274,TRUE,0.814925895759274
1988,13,11,1,73755,7418,0.908614933537014,FALSE,0.75
1988,13,12,1,74304,5582,0.930125428735949,FALSE,0.75
1988,13,13,1,81305,27536,0.747007102103068,TRUE,0.747007102103068
1988,13,14,-1,57503,99179,0.367004505941972,TRUE,0.367004505941972
1988,13,15,-1,64425,107599,0.374511696042413,TRUE,0.374511696042413
1988,13,16,NA,NA,NA,NA,NA,NA
1988,13,17,1,157339,29156,0.843663368991126,TRUE,0.843663368991126
1988,13,18,1,75459,5764,0.929034879282962,FALSE,0.75
1988,13,19,0,77158,37454,0.673210484067986,TRUE,0.673210484067986
1988,13,20,-1,102235,96465,0.514519375943634,TRUE,0.514519375943634
1988,13,21,-1,47294,150443,0.239176279603716,TRUE,0.239176279603716
1988,13,22,-1,54312,144227,0.273558343700734,TRUE,0.273558343700734
1988,13,23,0,145040,89858,0.617459493056561,TRUE,0.617459493056561
1988,13,24,-1,62177,162962,0.276171609538996,TRUE,0.276171609538996
1988,13,25,-1,0,130122,0,FALSE,0.25
1988,13,26,-1,43585,131043,0.249587694985913,TRUE,0.249587694985913
1988,13,27,0,90854,124928,0.421045314252347,TRUE,0.421045314252347
1988,13,28,1,141976,0,1,FALSE,0.75
1988,13,29,-1,51243,132608,0.278720268043144,TRUE,0.278720268043144
1988,13,30,1,128364,89126,0.590206446273392,TRUE,0.590206446273392
1988,13,31,0,102777,117710,0.466136325497648,TRUE,0.466136325497648
1988,13,32,1,133917,50229,0.727232739239516,TRUE,0.727232739239516
1988,13,33,1,139604,0,1,FALSE,0.75
1988,13,34,0,0,131078,0,FALSE,0.25
1988,14,1,1,128076,39749,0.76315209295397,TRUE,0.76315209295397
1988,14,2,1,184322,12365,0.937133618388607,FALSE,0.75
1988,14,3,1,135590,78909,0.632124159086989,TRUE,0.632124159086989
1988,14,4,1,124041,52402,0.703008903725282,TRUE,0.703008903725282
1988,14,5,-1,42758,153453,0.217918465325593,TRUE,0.217918465325593
1988,14,6,1,114119,65278,0.636125464751362,TRUE,0.636125464751362
1988,14,7,-1,73745,155387,0.321845050014839,TRUE,0.321845050014839
1988,14,8,1,128153,93648,0.577783688982466,TRUE,0.577783688982466
1988,14,9,NA,NA,NA,NA,NA,NA
1988,14,10,-1,51179,140096,0.267567638217227,TRUE,0.267567638217227
1988,14,11,1,120706,0,1,FALSE,0.75
1988,14,12,1,133081,0,1,FALSE,0.75
1988,14,13,-1,76424,152191,0.334291275725565,TRUE,0.334291275725565
1988,14,14,1,135181,36719,0.786393251890634,TRUE,0.786393251890634
1988,14,15,-1,79127,106951,0.425235653865583,TRUE,0.425235653865583
1988,14,16,-1,48169,136944,0.260214031429451,TRUE,0.260214031429451
1988,14,17,NA,NA,NA,NA,NA,NA
1988,14,18,1,136924,80975,0.628382874634578,TRUE,0.628382874634578
1988,14,19,-1,42819,145381,0.227518597236982,TRUE,0.227518597236982
1988,14,20,1,137472,0,1,FALSE,0.75
1988,14,21,-1,38288,141832,0.212569398178992,TRUE,0.212569398178992
1988,14,22,1,123428,47039,0.724058028826694,TRUE,0.724058028826694
1988,14,23,-1,63476,105575,0.375484321299489,TRUE,0.375484321299489
1988,21,1,1,164125,6753,0.960480576785777,FALSE,0.75
1988,21,2,1,138256,28831,0.827449173185227,TRUE,0.827449173185227
1988,21,3,1,132111,80181,0.622307953196541,TRUE,0.622307953196541
1988,21,4,-1,91282,90243,0.502861864756921,TRUE,0.502861864756921
1988,21,5,1,93567,59128,0.612770555682897,TRUE,0.612770555682897
1988,21,6,-1,54804,153425,0.263191006055833,TRUE,0.263191006055833
1988,21,7,1,135331,0,1,FALSE,0.75
1988,21,8,1,107728,34659,0.756585924276795,TRUE,0.756585924276795
1988,21,9,1,135583,67604,0.667281863505047,TRUE,0.667281863505047
1988,21,10,-1,60187,158519,0.275195925123225,TRUE,0.275195925123225
1988,21,11,1,131753,72489,0.645082793940522,TRUE,0.645082793940522
1988,21,12,-1,54769,165913,0.248180640015951,TRUE,0.248180640015951
1988,21,13,-1,74424,172992,0.300805121738287,TRUE,0.300805121738287
1988,21,14,-1,57482,161146,0.262921492215087,TRUE,0.262921492215087
1988,21,15,-1,55260,140171,0.282759644068751,TRUE,0.282759644068751
1988,21,16,-1,72431,128365,0.360719337038586,TRUE,0.360719337038586
1988,21,17,1,132130,71560,0.648681820413373,TRUE,0.648681820413373
1988,21,18,-1,94763,114458,0.452932545012212,TRUE,0.452932545012212
1988,21,19,1,132889,73981,0.642379272006574,TRUE,0.642379272006574
1988,21,20,1,153341,69303,0.688727295592965,TRUE,0.688727295592965
1988,21,21,1,105836,95385,0.525968959502239,TRUE,0.525968959502239
1988,21,22,1,139392,75462,0.648775447513195,TRUE,0.648775447513195
1988,22,1,1,138251,41076,0.770943583509455,TRUE,0.770943583509455
1988,22,2,1,116915,102846,0.532009774254759,TRUE,0.532009774254759
1988,22,3,-1,97934,116309,0.457116451879408,TRUE,0.457116451879408
1988,22,4,-1,80915,132843,0.378535540190309,TRUE,0.378535540190309
1988,22,5,1,116240,90163,0.563170108961595,TRUE,0.563170108961595
1988,22,6,-1,71447,192064,0.271134791336984,TRUE,0.271134791336984
1988,22,7,-1,80738,130578,0.382072346627799,TRUE,0.382072346627799
1988,22,8,1,141355,87321,0.618145323514492,TRUE,0.618145323514492
1988,22,9,1,147193,60946,0.707186063159715,TRUE,0.707186063159715
1988,22,10,1,105846,68978,0.605443188578227,TRUE,0.605443188578227
1988,23,1,1,127800,10979,0.920888607065911,FALSE,0.75
1988,23,2,-1,98290,120070,0.450128228613299,TRUE,0.450128228613299
1988,23,3,1,112605,83769,0.573421124996181,TRUE,0.573421124996181
1988,23,4,-1,54428,132270,0.291529636096798,TRUE,0.291529636096798
1988,23,5,1,62868,166569,0.274009858915519,TRUE,0.274009858915519
1988,23,6,1,120581,81079,0.597942080729941,TRUE,0.597942080729941
1988,23,7,1,150832,47071,0.762151154858693,TRUE,0.762151154858693
1988,23,8,1,139904,54195,0.720786814975863,TRUE,0.720786814975863
1988,23,9,-1,64843,149748,0.302170174890839,TRUE,0.302170174890839
1988,23,10,-1,55398,152646,0.266280209955586,TRUE,0.266280209955586
1988,23,11,-1,86526,129085,0.401306055813479,TRUE,0.401306055813479
1988,23,12,1,108158,91780,0.540957696886035,TRUE,0.540957696886035
1988,23,13,1,99751,13196,0.883166440897058,TRUE,0.883166440897058
1988,23,14,1,111612,64750,0.632857418264706,TRUE,0.632857418264706
1988,23,15,1,104596,56963,0.647416733205826,TRUE,0.647416733205826
1988,23,16,1,132775,0,1,FALSE,0.75
1988,23,17,1,135493,55197,0.710540668100058,TRUE,0.710540668100058
1988,23,18,-1,57643,195579,0.227638198892671,TRUE,0.227638198892671
1988,24,1,1,117682,90738,0.564638710296517,TRUE,0.564638710296517
1988,24,2,-1,58637,153162,0.276852109783332,TRUE,0.276852109783332
1988,24,3,1,141953,42664,0.768905355411474,TRUE,0.768905355411474
1988,24,4,-1,0,160099,0,FALSE,0.25
1988,24,5,0,80292,123838,0.393337578993778,TRUE,0.393337578993778
1988,24,6,-1,52635,152235,0.256919021818714,TRUE,0.256919021818714
1988,24,7,-1,50423,142597,0.261231996684281,TRUE,0.261231996684281
1988,24,8,-1,49084,154164,0.241498071321735,TRUE,0.241498071321735
1988,24,9,1,157557,36183,0.813239393000929,TRUE,0.813239393000929
1988,24,10,-1,56893,143673,0.283662235872481,TRUE,0.283662235872481
1988,24,11,1,124600,78028,0.614919951832915,TRUE,0.614919951832915
1988,24,12,-1,41178,154727,0.210193716342105,TRUE,0.210193716342105
1988,24,13,1,137074,59287,0.698071409292069,TRUE,0.698071409292069
1988,24,14,1,148951,50356,0.747344548861806,TRUE,0.747344548861806
1988,24,15,-1,49441,146854,0.251870908581472,TRUE,0.251870908581472
1988,24,16,-1,43356,158824,0.214442575922445,TRUE,0.214442575922445
1988,24,17,1,162526,47929,0.772260103109929,TRUE,0.772260103109929
1988,24,18,1,151306,46130,0.766354666828745,TRUE,0.766354666828745
1988,24,19,1,168065,70359,0.70489967452941,TRUE,0.70489967452941
1988,24,20,1,146715,30944,0.825823628411733,TRUE,0.825823628411733
1988,24,21,1,148388,24804,0.856783223243568,TRUE,0.856783223243568
1988,25,1,1,158552,49620,0.761639413561862,TRUE,0.761639413561862
1988,25,2,1,151501,107457,0.585040817429853,TRUE,0.585040817429853
1988,25,3,-1,72935,157513,0.316492223842255,TRUE,0.316492223842255
1988,25,4,1,177283,0,1,FALSE,0.75
1988,25,5,1,140518,78307,0.64214783502799,TRUE,0.64214783502799
1988,25,6,-1,57552,165923,0.257532162434277,TRUE,0.257532162434277
1988,25,7,1,142197,86077,0.62292245284176,TRUE,0.62292245284176
1988,25,8,-1,72708,167275,0.302971460478451,TRUE,0.302971460478451
1988,25,9,-1,62003,185093,0.250926765305792,TRUE,0.250926765305792
1988,31,1,-1,71280,112746,0.38733657200613,TRUE,0.38733657200613
1988,31,2,-1,86438,113543,0.432231061950885,TRUE,0.432231061950885
1988,31,3,1,129204,74682,0.633707071598835,TRUE,0.633707071598835
1988,31,4,1,157065,62056,0.716795742991315,TRUE,0.716795742991315
1988,31,5,-1,66599,117761,0.361244304621393,TRUE,0.361244304621393
1988,31,6,-1,69614,125859,0.356131025768265,TRUE,0.356131025768265
1988,32,1,-1,0,168700,0,FALSE,0.25
1988,32,2,1,135694,49498,0.7327206358806,TRUE,0.7327206358806
1988,32,3,-1,53959,150223,0.264269132440666,TRUE,0.264269132440666
1988,32,4,1,122777,69165,0.639656771316335,TRUE,0.639656771316335
1988,32,5,-1,54327,127722,0.298419656246395,TRUE,0.298419656246395
1988,33,1,1,161118,67709,0.704103973744357,TRUE,0.704103973744357
1988,33,2,-1,96016,131639,0.421760998001362,TRUE,0.421760998001362
1988,33,3,-1,99770,215322,0.316637680423495,TRUE,0.316637680423495
1988,33,4,1,181227,67073,0.729871123640757,TRUE,0.729871123640757
1988,33,5,1,174416,60646,0.741999982983213,TRUE,0.741999982983213
1988,33,6,1,169486,89209,0.655157618044415,TRUE,0.655157618044415
1988,33,7,-1,101011,121396,0.454171856101651,TRUE,0.454171856101651
1988,33,8,1,165656,56630,0.745238116660518,TRUE,0.745238116660518
1988,34,1,1,140751,53109,0.726044568245125,TRUE,0.726044568245125
1988,34,2,-1,91645,186450,0.329545658857585,TRUE,0.329545658857585
1988,34,3,1,150205,86763,0.633861956044698,TRUE,0.633861956044698
1988,34,4,1,166480,65393,0.717979238634942,TRUE,0.717979238634942
1988,34,5,1,149166,60453,0.711605341118887,TRUE,0.711605341118887
1988,34,6,-1,93128,135883,0.406652955534887,TRUE,0.406652955534887
1988,34,7,0,111244,127939,0.465099944394041,TRUE,0.465099944394041
1988,34,8,-1,84801,117601,0.418973132676555,TRUE,0.418973132676555
1988,34,9,1,160872,76008,0.679128672745694,TRUE,0.679128672745694
1988,35,1,-1,72167,146231,0.330438007674063,TRUE,0.330438007674063
1988,35,2,0,112174,109193,0.506733162576174,TRUE,0.506733162576174
1988,35,3,-1,45183,170302,0.209680488201035,TRUE,0.209680488201035
1988,36,98,1,212583,84475,0.715627924513058,TRUE,0.715627924513058
1988,37,98,1,223759,88157,0.717369419972044,TRUE,0.717369419972044
1988,40,1,-1,49614,135937,0.267387402924263,TRUE,0.267387402924263
1988,40,2,1,106666,62564,0.630301955917981,TRUE,0.630301955917981
1988,40,3,-1,0,187354,0,FALSE,0.25
1988,40,4,1,134786,0,1,FALSE,0.75
1988,40,5,1,97242,78396,0.553650121272162,TRUE,0.553650121272162
1988,40,6,1,118369,66935,0.63878275698312,TRUE,0.63878275698312
1988,40,7,-1,0,136988,0,FALSE,0.25
1988,40,8,-1,93561,154761,0.376772899702805,TRUE,0.376772899702805
1988,40,9,1,113309,65410,0.634006457063882,TRUE,0.634006457063882
1988,40,10,-1,88284,187850,0.31971434158778,TRUE,0.31971434158778
1988,41,1,-1,77670,115173,0.40276286927708,TRUE,0.40276286927708
1988,41,2,-1,0,120408,0,FALSE,0.25
1988,41,3,1,117514,0,1,FALSE,0.75
1988,41,4,1,131880,0,1,FALSE,0.75
1988,41,5,1,120142,64491,0.650707078366273,TRUE,0.650707078366273
1988,41,6,1,138920,68788,0.668823540739885,TRUE,0.668823540739885
1988,41,7,1,136074,63372,0.682259859811678,TRUE,0.682259859811678
1988,42,1,1,NA,NA,NA,NA,NA
1988,42,2,1,168889,33475,0.8345802613113,TRUE,0.8345802613113
1988,42,3,-1,54767,161623,0.253093950737095,TRUE,0.253093950737095
1988,42,4,1,129508,57658,0.691941912526848,TRUE,0.691941912526848
1988,43,1,1,142449,70534,0.668828028528099,TRUE,0.668828028528099
1988,43,2,1,134269,0,1,FALSE,0.75
1988,43,3,1,NA,0,NA,NA,NA
1988,43,4,1,124817,125608,0.498420684835779,TRUE,0.498420684835779
1988,43,5,-1,0,NA,NA,NA,NA
1988,43,6,0,118756,135415,0.467228755444169,TRUE,0.467228755444169
1988,43,7,1,NA,0,NA,NA,NA
1988,43,8,-1,62539,169165,0.269909021855471,TRUE,0.269909021855471
1988,43,9,-1,0,223925,0,FALSE,0.25
1988,43,10,-1,56536,156563,0.265303919774377,TRUE,0.265303919774377
1988,43,11,1,168390,108373,0.608426704436648,TRUE,0.608426704436648
1988,43,12,-1,0,NA,NA,NA,NA
1988,43,13,0,93700,231170,0.288423061532305,TRUE,0.288423061532305
1988,43,14,0,173292,142635,0.548519119923273,TRUE,0.548519119923273
1988,43,15,-1,67746,132090,0.33900798654897,TRUE,0.33900798654897
1988,43,16,1,153032,67461,0.694044708902323,TRUE,0.694044708902323
1988,43,17,1,NA,0,NA,NA,NA
1988,43,18,1,NA,0,NA,NA,NA
1988,43,19,1,135355,51628,0.723889337533359,TRUE,0.723889337533359
1988,44,1,1,94531,46552,0.670038204461204,TRUE,0.670038204461204
1988,44,2,1,85029,52807,0.616885283960649,TRUE,0.616885283960649
1988,44,3,1,97663,0,1,FALSE,0.75
1988,44,4,-1,148394,97745,0.602886986621381,TRUE,0.602886986621381
1988,44,5,1,135194,37693,0.781978980490147,TRUE,0.781978980490147
1988,44,6,-1,76824,110169,0.410838908408336,TRUE,0.410838908408336
1988,44,7,1,135056,73425,0.647809632532461,TRUE,0.647809632532461
1988,44,8,1,102696,0,1,FALSE,0.75
1988,44,9,1,121800,71905,0.628791203118144,TRUE,0.628791203118144
1988,44,10,1,118156,66521,0.639798134039431,TRUE,0.639798134039431
1988,45,1,-1,0,NA,NA,NA,NA
1988,45,2,1,NA,0,NA,NA,NA
1988,45,3,1,NA,0,NA,NA,NA
1988,45,4,-1,0,NA,NA,NA,NA
1988,45,5,1,NA,0,NA,NA,NA
1988,45,6,-1,0,NA,NA,NA,NA
1988,45,7,1,NA,0,NA,NA,NA
1988,45,8,-1,88564,116241,0.432430848856229,TRUE,0.432430848856229
1988,46,1,1,137445,38381,0.781710327255355,TRUE,0.781710327255355
1988,46,2,1,112401,59827,0.652629073089161,TRUE,0.652629073089161
1988,46,3,1,164651,20729,0.888181033552703,TRUE,0.888181033552703
1988,46,4,0,110184,88433,0.554756138699104,TRUE,0.554756138699104
1988,46,5,0,82034,100185,0.450194546123072,TRUE,0.450194546123072
1988,47,1,1,118027,63013,0.651938798055678,TRUE,0.651938798055678
1988,47,2,1,128832,0,1,FALSE,0.75
1988,47,3,0,95323,0,1,FALSE,0.75
1988,47,4,1,131896,95482,0.580073709857594,TRUE,0.580073709857594
1988,47,5,1,110516,99540,0.526126366302319,TRUE,0.526126366302319
1988,47,6,-1,70008,116534,0.375293499587224,TRUE,0.375293499587224
1988,47,7,1,102392,49855,0.672538703554093,TRUE,0.672538703554093
1988,47,8,1,99214,93463,0.514923940065498,TRUE,0.514923940065498
1988,47,9,-1,71802,139014,0.340590846994536,TRUE,0.340590846994536
1988,47,10,-1,71865,112554,0.389683275584403,TRUE,0.389683275584403
1988,47,11,1,108436,106907,0.503550150225454,TRUE,0.503550150225454
1988,48,1,-1,57691,101572,0.362237305588869,TRUE,0.362237305588869
1988,48,2,-1,83978,94960,0.469313393465893,TRUE,0.469313393465893
1988,48,3,1,89071,75571,0.540998044241445,TRUE,0.540998044241445
1988,48,4,1,90234,82793,0.521502424477105,TRUE,0.521502424477105
1988,48,5,1,107959,46622,0.698397603845233,TRUE,0.698397603845233
1988,48,6,1,120719,37958,0.760784486724604,TRUE,0.760784486724604
1988,49,1,1,122566,74357,0.622405711877231,TRUE,0.622405711877231
1988,49,2,1,145614,0,1,FALSE,0.75
1988,49,3,-1,50627,227882,0.181778685787533,TRUE,0.181778685787533
1988,49,4,1,139379,67337,0.674253565277966,TRUE,0.674253565277966
1988,49,5,1,95376,59877,0.614326293211725,TRUE,0.614326293211725
1988,49,6,-1,78786,164692,0.323585703841826,TRUE,0.323585703841826
1988,49,7,-1,48824,185203,0.208625500476441,TRUE,0.208625500476441
1988,49,8,-1,0,90503,0,FALSE,0.25
1988,49,9,1,137270,0,1,FALSE,0.75
1988,49,10,1,232213,0,1,FALSE,0.75
1988,49,11,1,134207,0,1,FALSE,0.75
1988,49,12,1,135459,0,1,FALSE,0.75
1988,49,13,0,98345,89105,0.524646572419312,TRUE,0.524646572419312
1988,49,14,-1,111395,96042,0.537006416405945,TRUE,0.537006416405945
1988,49,15,1,93672,0,1,FALSE,0.75
1988,49,16,1,104514,0,1,FALSE,0.75
1988,49,17,1,149064,0,1,FALSE,0.75
1988,49,18,1,94408,0,1,FALSE,0.75
1988,49,19,-1,53932,113068,0.322946107784431,TRUE,0.322946107784431
1988,49,20,1,94527,36801,0.719777960526316,TRUE,0.719777960526316
1988,49,21,-1,0,203989,0,FALSE,0.25
1988,49,22,-1,58471,125733,0.317425245922998,TRUE,0.317425245922998
1988,49,23,1,116423,60559,0.657823959498706,TRUE,0.657823959498706
1988,49,24,1,135794,0,1,FALSE,0.75
1988,49,25,1,113499,44043,0.720436455040561,TRUE,0.720436455040561
1988,49,26,-1,86490,194944,0.307318945116795,TRUE,0.307318945116795
1988,49,27,1,105085,0,1,FALSE,0.75
1988,51,1,1,117288,0,1,FALSE,0.75
1988,51,2,1,92184,59907,0.606110815235615,TRUE,0.606110815235615
1988,51,3,1,131981,57387,0.696955134975286,TRUE,0.696955134975286
1988,51,4,-1,50575,145609,0.257793703869836,TRUE,0.257793703869836
1988,51,5,-1,0,104467,0,FALSE,0.25
1988,51,6,-1,45339,128898,0.260214535374232,TRUE,0.260214535374232
1988,51,7,1,96946,68165,0.587156518947859,TRUE,0.587156518947859
1988,52,1,1,96128,94588,0.504037416892133,TRUE,0.504037416892133
1988,52,2,-1,63114,157956,0.285493282670647,TRUE,0.285493282670647
1988,52,3,1,133779,49733,0.728993199354811,TRUE,0.728993199354811
1988,52,4,1,128624,59688,0.683036662560007,TRUE,0.683036662560007
1988,52,5,1,128437,34909,0.786288002154935,TRUE,0.786288002154935
1988,52,6,1,166753,54528,0.753580289315395,TRUE,0.753580289315395
1988,52,7,1,117650,0,1,FALSE,0.75
1988,52,8,-1,102478,172619,0.372515876218207,TRUE,0.372515876218207
1988,53,1,-1,93101,103458,0.47365422087007,TRUE,0.47365422087007
1988,53,2,1,136009,73659,0.648687448728466,TRUE,0.648687448728466
1988,53,3,1,NA,0,NA,NA,NA
1988,53,4,1,NA,0,NA,NA,NA
1988,53,5,-1,53668,139182,0.278288825512056,TRUE,0.278288825512056
1988,53,6,1,122887,45239,0.730922046560318,TRUE,0.730922046560318
1988,54,1,-1,29469,119526,0.197785160575858,TRUE,0.197785160575858
1988,54,2,0,77540,99631,0.437656275575574,TRUE,0.437656275575574
1988,54,3,1,108264,80372,0.573930744926737,TRUE,0.573930744926737
1988,54,4,1,94129,0,1,FALSE,0.75
1988,54,5,1,155068,0,1,FALSE,0.75
1988,54,6,1,123652,38033,0.764771005349909,TRUE,0.764771005349909
1988,54,7,-1,35237,142025,0.198784849544742,TRUE,0.198784849544742
1988,54,8,0,94571,56893,0.624379390482227,TRUE,0.624379390482227
1988,54,9,1,126280,0,1,FALSE,0.75
1988,56,1,1,119256,40732,0.745405905442908,TRUE,0.745405905442908
1988,56,2,1,118356,0,1,FALSE,0.75
1988,56,3,1,120192,41478,0.743440341436259,TRUE,0.743440341436259
1988,56,4,1,78812,49753,0.613012872865865,TRUE,0.613012872865865
1988,61,1,-1,71388,184639,0.278829967151902,TRUE,0.278829967151902
1988,61,2,1,99895,36309,0.733421925934628,TRUE,0.733421925934628
1988,61,3,-1,72417,174453,0.293340624620245,TRUE,0.293340624620245
1988,61,4,-1,0,206248,0,FALSE,0.25
1988,61,5,-1,78115,164462,0.322021461226745,TRUE,0.322021461226745
1988,62,1,1,133922,57587,0.699298727474949,TRUE,0.699298727474949
1988,62,2,1,147437,87578,0.627351445652405,TRUE,0.627351445652405
1988,62,3,1,169284,47625,0.780437879479413,TRUE,0.780437879479413
1988,62,4,-1,57552,156202,0.269244084321229,TRUE,0.269244084321229
1988,62,5,-1,60116,181612,0.248692745565263,TRUE,0.248692745565263
1988,62,6,-1,77158,136487,0.361150506681645,TRUE,0.361150506681645
1988,63,1,-1,70328,135221,0.342147127935431,TRUE,0.342147127935431
1988,63,2,1,127956,68226,0.65223109153745,TRUE,0.65223109153745
1988,64,1,1,115278,74405,0.607740282471281,TRUE,0.607740282471281
1988,64,2,-1,78069,97465,0.444751444164663,TRUE,0.444751444164663
1988,65,1,1,101764,53588,0.655054328235234,TRUE,0.655054328235234
1988,65,2,-1,75163,105981,0.414935079273948,TRUE,0.414935079273948
1988,66,1,0,84138,89985,0.483210144552988,TRUE,0.483210144552988
1988,66,2,-1,0,100324,0,FALSE,0.25
1988,66,3,1,124938,45954,0.731093322098167,TRUE,0.731093322098167
1988,67,1,-1,87976,130893,0.401957335209646,TRUE,0.401957335209646
1988,67,2,1,112129,80212,0.582969829625509,TRUE,0.582969829625509
1988,67,3,-1,60018,129951,0.315935757939453,TRUE,0.315935757939453
1988,68,98,-1,56527,118350,0.323238619143741,TRUE,0.323238619143741
1988,71,1,1,159815,72189,0.688845881967552,TRUE,0.688845881967552
1988,71,2,-1,91088,139010,0.395866109223027,TRUE,0.395866109223027
1988,71,3,1,183470,74296,0.711769589472622,TRUE,0.711769589472622
1988,71,4,1,181184,0,1,FALSE,0.75
1988,71,5,1,133530,33692,0.79851933358051,TRUE,0.79851933358051
1988,71,6,1,176645,64174,0.733517704167861,TRUE,0.733517704167861
1988,71,7,1,170006,78478,0.684172824004765,TRUE,0.684172824004765
1988,71,8,1,163221,76531,0.680790984016817,TRUE,0.680790984016817
1988,71,9,1,152866,56656,0.729594028312063,TRUE,0.729594028312063
1988,71,10,1,142500,0,1,FALSE,0.75
1988,71,11,1,145484,50050,0.74403428559739,TRUE,0.74403428559739
1988,71,12,0,121523,136384,0.471189227124506,TRUE,0.471189227124506
1988,71,13,1,143980,63959,0.692414602359346,TRUE,0.692414602359346
1988,71,14,-1,103899,173876,0.374040140401404,TRUE,0.374040140401404
1988,71,15,1,118710,47957,0.712258575482849,TRUE,0.712258575482849
1988,71,16,1,117452,48375,0.708280316233183,TRUE,0.708280316233183
1988,71,17,-1,51730,129568,0.285331332943552,TRUE,0.285331332943552
1988,71,18,1,125715,54034,0.699391929857746,TRUE,0.699391929857746
1988,71,19,-1,112033,116026,0.49124568642325,TRUE,0.49124568642325
1988,71,20,-1,62037,162779,0.275945662230446,TRUE,0.275945662230446
1988,71,21,0,75539,181413,0.293980976991812,TRUE,0.293980976991812
1988,71,22,-1,61555,164699,0.272061488415674,TRUE,0.272061488415674
1988,71,23,1,147858,77184,0.657024022182526,TRUE,0.657024022182526
1988,71,24,1,112038,36835,0.752574341888724,TRUE,0.752574341888724
1988,71,25,1,85378,0,1,FALSE,0.75
1988,71,26,1,126930,53518,0.703415942543004,TRUE,0.703415942543004
1988,71,27,1,148814,65307,0.694999556325629,TRUE,0.694999556325629
1988,71,28,1,109801,28645,0.793096225243055,TRUE,0.793096225243055
1988,71,29,1,88169,14543,0.858409922891191,TRUE,0.858409922891191
1988,71,30,1,72253,43833,0.622409248315904,TRUE,0.622409248315904
1988,71,31,1,100919,36017,0.736979318805866,TRUE,0.736979318805866
1988,71,32,1,114666,50710,0.693365421826625,TRUE,0.693365421826625
1988,71,33,-1,57586,151704,0.275149314348512,TRUE,0.275149314348512
1988,71,34,1,92087,50954,0.643780454554988,TRUE,0.643780454554988
1988,71,35,-1,71186,181203,0.282048742219352,TRUE,0.282048742219352
1988,71,36,1,103493,81413,0.559706012784875,TRUE,0.559706012784875
1988,71,37,-1,89666,174284,0.33970827808297,TRUE,0.33970827808297
1988,71,38,1,52399,87690,0.374040788355974,TRUE,0.374040788355974
1988,71,39,-1,52162,169360,0.235470969023393,TRUE,0.235470969023393
1988,71,40,0,80782,181269,0.308268237862096,TRUE,0.308268237862096
1988,71,41,-1,88192,187380,0.320032514188669,TRUE,0.320032514188669
1988,71,42,0,78778,153280,0.339475475958597,TRUE,0.339475475958597
1988,71,43,-1,72499,202478,0.263654778399648,TRUE,0.263654778399648
1988,71,44,1,90796,55511,0.620585481214159,TRUE,0.620585481214159
1988,71,45,-1,54012,166451,0.244993490971274,TRUE,0.244993490971274
1988,72,1,1,179915,78626,0.695885758931852,TRUE,0.695885758931852
1988,72,2,-1,74700,125366,0.373376785660732,TRUE,0.373376785660732
1988,72,3,1,190684,0,1,FALSE,0.75
1988,72,4,1,108483,42220,0.719846320245781,TRUE,0.719846320245781
1988,72,5,-1,110782,111489,0.498409599092999,TRUE,0.498409599092999
1988,73,1,-1,122646,152265,0.446129838384059,TRUE,0.446129838384059
1988,73,2,1,175191,0,1,FALSE,0.75
1988,73,3,0,109390,108763,0.501437064812311,TRUE,0.501437064812311
1988,73,4,-1,48850,142938,0.254708323774167,TRUE,0.254708323774167
1988,73,5,1,160654,49657,0.763887766212894,TRUE,0.763887766212894
1988,73,6,1,125904,60346,0.675994630872483,TRUE,0.675994630872483
1988,73,7,0,173809,53902,0.763287676045514,TRUE,0.763287676045514
1988,73,8,-1,71920,174942,0.29133686027011,TRUE,0.29133686027011
1988,81,98,-1,71881,120595,0.373454352750473,TRUE,0.373454352750473
1988,82,1,-1,76394,96848,0.440966971057827,TRUE,0.440966971057827
1988,82,2,1,144802,0,1,FALSE,0.75
1990,1,1,1,126566,50690,0.714029426366385,TRUE,0.714029426366385
1990,1,2,1,105085,70922,0.597050117324879,TRUE,0.597050117324879
1990,1,3,0,90772,83440,0.521043326521709,TRUE,0.521043326521709
1990,1,4,-1,32352,105682,0.234377037541475,TRUE,0.234377037541475
1990,1,5,0,85803,93912,0.477439278858192,TRUE,0.477439278858192
1990,1,6,-1,48628,141105,0.256297006846463,TRUE,0.256297006846463
1990,2,1,0,167623,110836,0.601966537264014,TRUE,0.601966537264014
1990,2,2,-1,116798,121704,0.48971497094364,TRUE,0.48971497094364
1990,3,1,-1,43611,150748,0.224383743484994,TRUE,0.224383743484994
1990,3,2,1,134152,0,1,FALSE,0.75
1990,3,3,1,150992,0,1,FALSE,0.75
1990,3,4,1,143473,75454,0.655346302648828,TRUE,0.655346302648828
1990,3,5,1,110232,101017,0.521810754133747,TRUE,0.521810754133747
1990,3,6,1,149284,80177,0.650585502547274,TRUE,0.650585502547274
1990,3,7,1,155380,0,1,FALSE,0.75
1990,3,8,1,125479,39310,0.761452524136927,TRUE,0.761452524136927
1990,3,9,1,124534,0,1,FALSE,0.75
1990,3,10,1,137805,120217,0.534082365069645,TRUE,0.534082365069645
1990,3,11,1,145480,0,1,FALSE,0.75
1990,4,1,0,66176,81684,0.447558501284999,TRUE,0.447558501284999
1990,4,2,-1,74829,67063,0.527365883911707,TRUE,0.527365883911707
1990,5,1,-1,73131,89963,0.448397856450881,TRUE,0.448397856450881
1990,5,2,0,108818,74953,0.592139129677697,TRUE,0.592139129677697
1990,6,98,-1,NA,NA,NA,NA,NA
1990,11,98,1,116274,58037,0.667049124840085,TRUE,0.667049124840085
1990,12,1,0,73522,57801,0.559856232343154,TRUE,0.559856232343154
1990,12,2,1,98734,0,1,FALSE,0.75
1990,12,3,1,77709,73451,0.514084413866102,TRUE,0.514084413866102
1990,12,4,-1,55454,101508,0.353295702144468,TRUE,0.353295702144468
1990,12,5,-1,35010,118101,0.228657640535298,TRUE,0.228657640535298
1990,12,6,1,63696,58209,0.522505229481974,TRUE,0.522505229481974
1990,12,7,-1,31114,100274,0.236810058757269,TRUE,0.236810058757269
1990,12,8,1,55212,0,1,FALSE,0.75
1990,12,9,1,82736,59759,0.580623881539703,TRUE,0.580623881539703
1990,12,10,1,42616,9072,0.824485373781148,TRUE,0.824485373781148
1990,12,11,-1,47782,95198,0.334186599524409,TRUE,0.334186599524409
1990,12,12,0,52498,108173,0.326742224794767,TRUE,0.326742224794767
1990,12,13,-1,68286,100537,0.404482801514012,TRUE,0.404482801514012
1990,12,14,1,57581,25473,0.69329592795049,TRUE,0.69329592795049
1990,13,1,1,75211,46380,0.618557294536602,TRUE,0.618557294536602
1990,13,2,1,56722,36859,0.606127312168068,TRUE,0.606127312168068
1990,13,3,1,73029,59089,0.552755869752797,TRUE,0.552755869752797
1990,13,4,-1,41308,79304,0.342486651411137,TRUE,0.342486651411137
1990,13,5,-1,53920,71948,0.428385292528681,TRUE,0.428385292528681
1990,13,6,1,44306,13224,0.770137319659308,TRUE,0.770137319659308
1990,13,7,1,51091,0,1,FALSE,0.75
1990,13,8,1,56396,21646,0.722636529048461,TRUE,0.722636529048461
1990,13,9,1,35177,13330,0.725194301853341,TRUE,0.725194301853341
1990,13,10,1,61468,14963,0.80422865067839,TRUE,0.80422865067839
1990,13,11,1,36286,0,1,FALSE,0.75
1990,13,12,1,40570,0,1,FALSE,0.75
1990,13,13,1,47446,11557,0.804128603630324,TRUE,0.804128603630324
1990,13,14,-1,34625,58616,0.37134951362598,TRUE,0.37134951362598
1990,13,15,-1,33464,52919,0.387391037588414,TRUE,0.387391037588414
1990,13,16,1,NA,NA,NA,NA,NA
1990,13,17,1,79161,15219,0.838747616020343,TRUE,0.838747616020343
1990,13,18,1,38024,1189,0.969678422971974,FALSE,0.75
1990,13,19,1,45758,17135,0.72755314581909,TRUE,0.72755314581909
1990,13,20,1,82203,35575,0.697948683115692,TRUE,0.697948683115692
1990,13,21,-1,34128,99866,0.254697971550965,TRUE,0.254697971550965
1990,13,22,-1,37034,95495,0.279440726180685,TRUE,0.279440726180685
1990,13,23,1,117239,65760,0.640653774064339,TRUE,0.640653774064339
1990,13,24,-1,56671,121206,0.318596558295901,TRUE,0.318596558295901
1990,13,25,-1,0,91348,0,FALSE,0.25
1990,13,26,-1,0,97340,0,FALSE,0.25
1990,13,27,-1,52438,95220,0.355131452410299,TRUE,0.355131452410299
1990,13,28,1,97815,53077,0.648245102457387,TRUE,0.648245102457387
1990,13,29,-1,34835,89105,0.281063417782798,TRUE,0.281063417782798
1990,13,30,1,97280,67534,0.590241120293179,TRUE,0.590241120293179
1990,13,31,-1,69328,90237,0.434481245887256,TRUE,0.434481245887256
1990,13,32,1,68367,39053,0.63644572705269,TRUE,0.63644572705269
1990,13,33,1,84905,18181,0.823632695031333,TRUE,0.823632695031333
1990,13,34,-1,37421,89831,0.294070034262723,TRUE,0.294070034262723
1990,14,1,1,73423,19018,0.794268776841445,TRUE,0.794268776841445
1990,14,2,1,94584,8118,0.920955774960565,FALSE,0.75
1990,14,3,1,89908,59901,0.600150858760155,TRUE,0.600150858760155
1990,14,4,1,74114,58469,0.559000776871846,TRUE,0.559000776871846
1990,14,5,-1,50597,75097,0.402541091858004,TRUE,0.402541091858004
1990,14,6,1,74394,56093,0.570125759654218,TRUE,0.570125759654218
1990,14,7,-1,56292,105868,0.347138628515047,TRUE,0.347138628515047
1990,14,8,1,85015,65100,0.566332478433201,TRUE,0.566332478433201
1990,14,9,-1,NA,NA,NA,NA,NA
1990,14,10,-1,NA,NA,NA,NA,NA
1990,14,11,1,88219,0,1,FALSE,0.75
1990,14,12,1,80686,50007,0.617370478908587,TRUE,0.617370478908587
1990,14,13,-1,58967,89577,0.396966555364067,TRUE,0.396966555364067
1990,14,14,1,77636,30497,0.717967687939852,TRUE,0.717967687939852
1990,14,15,-1,50233,77178,0.394259522333237,TRUE,0.394259522333237
1990,14,16,-1,43849,85596,0.338746185638688,TRUE,0.338746185638688
1990,14,17,-1,NA,NA,NA,NA,NA
1990,14,18,1,80880,85697,0.485541221176993,TRUE,0.485541221176993
1990,14,19,-1,0,96336,0,FALSE,0.25
1990,14,20,1,82080,43054,0.655936835712117,TRUE,0.655936835712117
1990,14,21,-1,0,92732,0,FALSE,0.25
1990,14,22,1,78375,45509,0.632648283878467,TRUE,0.632648283878467
1990,14,23,-1,53465,78189,0.406102359214304,TRUE,0.406102359214304
1990,21,1,1,100890,6708,0.937656833770144,FALSE,0.75
1990,21,2,1,80245,22350,0.782153126370681,TRUE,0.782153126370681
1990,21,3,1,110512,45299,0.709269563766358,TRUE,0.709269563766358
1990,21,4,1,77290,53258,0.592042773539235,TRUE,0.592042773539235
1990,21,5,1,73805,34440,0.681832879116818,TRUE,0.681832879116818
1990,21,6,-1,48155,96410,0.333102756545499,TRUE,0.333102756545499
1990,21,7,1,80021,20099,0.799250898921294,TRUE,0.799250898921294
1990,21,8,1,70151,0,1,FALSE,0.75
1990,21,9,1,96557,39031,0.71213529220875,TRUE,0.71213529220875
1990,21,10,-1,47286,104070,0.312415761515896,TRUE,0.312415761515896
1990,21,11,1,82703,68850,0.545703483269879,TRUE,0.545703483269879
1990,21,12,-1,0,113081,0,FALSE,0.25
1990,21,13,-1,60305,116048,0.341956190141364,TRUE,0.341956190141364
1990,21,14,-1,55592,112383,0.330954011013544,TRUE,0.330954011013544
1990,21,15,-1,0,119812,0,FALSE,0.25
1990,21,16,0,83061,69105,0.545857813177714,TRUE,0.545857813177714
1990,21,17,1,102062,51380,0.66515034996937,TRUE,0.66515034996937
1990,21,18,-1,0,105693,0,FALSE,0.25
1990,21,19,1,113958,55680,0.671771654935804,TRUE,0.671771654935804
1990,21,20,1,130114,66433,0.661999419986059,TRUE,0.661999419986059
1990,21,21,1,95208,48949,0.660446596419182,TRUE,0.660446596419182
1990,21,22,1,138425,0,1,FALSE,0.75
1990,22,1,1,68920,35450,0.660343010443614,TRUE,0.660343010443614
1990,22,2,1,93495,63980,0.593713287823464,TRUE,0.593713287823464
1990,22,3,-1,80740,77911,0.508915796307619,TRUE,0.508915796307619
1990,22,4,1,99347,64415,0.606654779497075,TRUE,0.606654779497075
1990,22,5,1,81373,71750,0.531422451232016,TRUE,0.531422451232016
1990,22,6,-1,67024,116470,0.365265349275726,TRUE,0.365265349275726
1990,22,7,-1,65248,88598,0.424112424112424,TRUE,0.424112424112424
1990,22,8,1,97465,80645,0.547218011341306,TRUE,0.547218011341306
1990,22,9,1,107526,48325,0.689928200653188,TRUE,0.689928200653188
1990,22,10,1,69362,35049,0.664316978096178,TRUE,0.664316978096178
1990,23,1,1,76556,7298,0.912967777327259,FALSE,0.75
1990,23,2,-1,49678,95962,0.341101345784125,TRUE,0.341101345784125
1990,23,3,1,82376,60007,0.578552214800924,TRUE,0.578552214800924
1990,23,4,-1,55449,75850,0.422310908689327,TRUE,0.422310908689327
1990,23,5,-1,41170,126308,0.245823332019728,TRUE,0.245823332019728
1990,23,6,1,97547,0,1,FALSE,0.75
1990,23,7,1,90307,41759,0.683802038374752,TRUE,0.683802038374752
1990,23,8,1,98903,45259,0.686054577489214,TRUE,0.686054577489214
1990,23,9,-1,73604,89078,0.452440958434246,TRUE,0.452440958434246
1990,23,10,0,50923,99952,0.337517812758906,TRUE,0.337517812758906
1990,23,11,-1,59759,94555,0.387255854945112,TRUE,0.387255854945112
1990,23,12,1,98232,51119,0.657725760122128,TRUE,0.657725760122128
1990,23,13,0,54345,11203,0.829087081222921,TRUE,0.829087081222921
1990,23,14,1,78506,40499,0.659686567791269,TRUE,0.659686567791269
1990,23,15,1,68742,41092,0.625871770125826,TRUE,0.625871770125826
1990,23,16,1,88962,42629,0.676049273886512,TRUE,0.676049273886512
1990,23,17,1,92205,40100,0.696912437171687,TRUE,0.696912437171687
1990,23,18,-1,64185,126629,0.336374689488193,TRUE,0.336374689488193
1990,24,1,0,83932,80362,0.510864669434063,TRUE,0.510864669434063
1990,24,2,-1,57345,103817,0.35582209205644,TRUE,0.35582209205644
1990,24,3,1,116797,0,1,FALSE,0.75
1990,24,4,-1,64467,103897,0.382902520728897,TRUE,0.382902520728897
1990,24,5,-1,41693,113615,0.268453653385531,TRUE,0.268453653385531
1990,24,6,-1,47415,117220,0.288000728885109,TRUE,0.288000728885109
1990,24,7,0,59349,97123,0.37929469809295,TRUE,0.37929469809295
1990,24,8,0,63584,99955,0.388800225022777,TRUE,0.388800225022777
1990,24,9,1,117681,33791,0.776915865638534,TRUE,0.776915865638534
1990,24,10,-1,61656,106009,0.367733277666776,TRUE,0.367733277666776
1990,24,11,1,111923,58372,0.657230100707596,TRUE,0.657230100707596
1990,24,12,-1,50784,130495,0.280142763364758,TRUE,0.280142763364758
1990,24,13,1,93431,60925,0.605295550545492,TRUE,0.605295550545492
1990,24,14,1,97875,66460,0.595582194906745,TRUE,0.595582194906745
1990,24,15,-1,68510,99251,0.408378586202991,TRUE,0.408378586202991
1990,24,16,-1,70516,101097,0.410901272048155,TRUE,0.410901272048155
1990,24,17,1,133207,38199,0.777143157182362,TRUE,0.777143157182362
1990,24,18,1,120782,41823,0.742793887026844,TRUE,0.742793887026844
1990,24,19,1,132951,72315,0.647701031831867,TRUE,0.647701031831867
1990,24,20,1,109390,39749,0.733476823634328,TRUE,0.733476823634328
1990,24,21,1,103338,25906,0.799557426263502,TRUE,0.799557426263502
1990,25,1,1,93961,0,1,FALSE,0.75
1990,25,2,1,85156,96938,0.467648577108526,TRUE,0.467648577108526
1990,25,3,-1,60409,94509,0.389941775649053,TRUE,0.389941775649053
1990,25,4,1,96981,43001,0.692810504207684,TRUE,0.692810504207684
1990,25,5,1,77557,31255,0.712761460133074,TRUE,0.712761460133074
1990,25,6,-1,0,111036,0,FALSE,0.25
1990,25,7,1,100069,60961,0.62143078929392,TRUE,0.62143078929392
1990,25,8,-1,83199,95902,0.464536769755613,TRUE,0.464536769755613
1990,25,9,-1,0,117967,0,FALSE,0.25
1990,31,1,-1,0,90042,0,FALSE,0.25
1990,31,2,0,81008,82650,0.494983441078346,TRUE,0.494983441078346
1990,31,3,1,100947,0,1,FALSE,0.75
1990,31,4,1,127812,0,1,FALSE,0.75
1990,31,5,-1,47022,99978,0.319877551020408,TRUE,0.319877551020408
1990,31,6,-1,44063,112333,0.28173994219801,TRUE,0.28173994219801
1990,32,1,-1,61396,102974,0.373523148993125,TRUE,0.373523148993125
1990,32,2,1,99093,58643,0.628220571080793,TRUE,0.628220571080793
1990,32,3,-1,58923,88725,0.399077535760728,TRUE,0.399077535760728
1990,32,4,1,112015,46283,0.707621069122794,TRUE,0.707621069122794
1990,32,5,0,62244,90555,0.407358686902401,TRUE,0.407358686902401
1990,33,1,1,156749,43856,0.781381321502455,TRUE,0.781381321502455
1990,33,2,-1,77935,126367,0.381469589137649,TRUE,0.381469589137649
1990,33,3,0,96395,195833,0.329862299300546,TRUE,0.329862299300546
1990,33,4,1,143353,77639,0.64867959021141,TRUE,0.64867959021141
1990,33,5,1,144682,53720,0.729236600437496,TRUE,0.729236600437496
1990,33,6,1,164816,90138,0.646453870109902,TRUE,0.646453870109902
1990,33,7,-1,107126,92876,0.535624643753562,TRUE,0.535624643753562
1990,33,8,1,151145,56068,0.729418521038738,TRUE,0.729418521038738
1990,34,1,1,62550,40160,0.608996202901373,TRUE,0.608996202901373
1990,34,2,-1,94378,94324,0.500143082744221,TRUE,0.500143082744221
1990,34,3,1,88950,67659,0.567975020592686,TRUE,0.567975020592686
1990,34,4,1,105527,65095,0.618484134519581,TRUE,0.618484134519581
1990,34,5,1,71890,43897,0.620881446103621,TRUE,0.620881446103621
1990,34,6,-1,73093,78956,0.480720031042624,TRUE,0.480720031042624
1990,34,7,-1,76725,83609,0.478532313794953,TRUE,0.478532313794953
1990,34,8,-1,60751,81452,0.427213209285317,TRUE,0.427213209285317
1990,34,9,1,94156,69514,0.575279525875237,TRUE,0.575279525875237
1990,35,1,-1,70587,129654,0.35251022517866,TRUE,0.35251022517866
1990,35,2,1,111903,80845,0.580566335318654,TRUE,0.580566335318654
1990,35,3,0,94234,98607,0.488661643530162,TRUE,0.488661643530162
1990,36,98,1,152530,81443,0.651912827548478,TRUE,0.651912827548478
1990,37,98,1,173814,83484,0.675535760091411,TRUE,0.675535760091411
1990,40,1,-1,69194,72000,0.490063317138122,TRUE,0.490063317138122
1990,40,2,1,55179,0,1,FALSE,0.75
1990,40,3,-1,36253,77125,0.319753391310484,TRUE,0.319753391310484
1990,40,4,1,71051,0,1,FALSE,0.75
1990,40,5,1,66532,0,1,FALSE,0.75
1990,40,6,1,92968,0,1,FALSE,0.75
1990,40,7,-1,58684,81688,0.418060581882427,TRUE,0.418060581882427
1990,40,8,-1,88475,76367,0.536726077092003,TRUE,0.536726077092003
1990,40,9,1,67215,0,1,FALSE,0.75
1990,40,10,-1,57249,103761,0.355561766349916,TRUE,0.355561766349916
1990,41,1,-1,0,82185,0,FALSE,0.25
1990,41,2,-1,83243,87649,0.487108817264705,TRUE,0.487108817264705
1990,41,3,1,101923,36317,0.737290219907407,TRUE,0.737290219907407
1990,41,4,1,129872,0,1,FALSE,0.75
1990,41,5,0,113047,55326,0.671408123630273,TRUE,0.671408123630273
1990,41,6,1,134412,0,1,FALSE,0.75
1990,41,7,1,127490,53258,0.705346670502578,TRUE,0.705346670502578
1990,42,1,1,101026,56071,0.643080389822848,TRUE,0.643080389822848
1990,42,2,0,103471,67800,0.604136135130874,TRUE,0.604136135130874
1990,42,3,-1,54332,129876,0.294949187874577,TRUE,0.294949187874577
1990,42,4,1,110365,42130,0.72372864684088,TRUE,0.72372864684088
1990,43,1,1,88416,80851,0.522346352212776,TRUE,0.522346352212776
1990,43,2,-1,103032,77939,0.569328787485288,TRUE,0.569328787485288
1990,43,3,1,84280,31727,0.726507883144983,TRUE,0.726507883144983
1990,43,4,-1,95320,120895,0.440857479823324,TRUE,0.440857479823324
1990,43,5,-1,63253,94453,0.401081759730131,TRUE,0.401081759730131
1990,43,6,-1,95421,138588,0.407766367960207,TRUE,0.407766367960207
1990,43,7,1,99464,47765,0.675573426430934,TRUE,0.675573426430934
1990,43,8,-1,0,NA,NA,NA,NA
1990,43,9,-1,102503,142163,0.418950732835784,TRUE,0.418950732835784
1990,43,10,-1,0,NA,NA,NA,NA
1990,43,11,0,120991,111970,0.519361609883199,TRUE,0.519361609883199
1990,43,12,-1,0,NA,NA,NA,NA
1990,43,13,-1,0,NA,NA,NA,NA
1990,43,14,1,156055,80249,0.660399316135148,TRUE,0.660399316135148
1990,43,15,-1,0,104295,0,FALSE,0.25
1990,43,16,1,NA,0,NA,NA,NA
1990,43,17,1,79569,22029,0.783174865646962,TRUE,0.783174865646962
1990,43,18,-1,36978,56364,0.396156071221958,TRUE,0.396156071221958
1990,43,19,1,87696,53796,0.619794758714274,TRUE,0.619794758714274
1990,44,1,1,80515,32532,0.712225888347325,TRUE,0.712225888347325
1990,44,2,1,77910,28781,0.730239664076633,TRUE,0.730239664076633
1990,44,3,1,72961,42561,0.631576669378993,TRUE,0.631576669378993
1990,44,4,1,96526,87569,0.524327113718461,TRUE,0.524327113718461
1990,44,5,1,86037,27781,0.755917341720993,TRUE,0.755917341720993
1990,44,6,-1,77794,78768,0.496889411223669,TRUE,0.496889411223669
1990,44,7,1,95817,63588,0.601091559235909,TRUE,0.601091559235909
1990,44,8,1,81344,36980,0.687468307359454,TRUE,0.687468307359454
1990,44,9,1,96197,76121,0.558252765236365,TRUE,0.558252765236365
1990,44,10,1,89683,64184,0.582860522399215,TRUE,0.582860522399215
1990,45,1,-1,0,NA,NA,NA,NA
1990,45,2,0,55621,0,1,FALSE,0.75
1990,45,3,1,NA,0,NA,NA,NA
1990,45,4,-1,0,NA,NA,NA,NA
1990,45,5,1,NA,0,NA,NA,NA
1990,45,6,-1,0,NA,NA,NA,NA
1990,45,7,1,NA,0,NA,NA,NA
1990,45,8,-1,0,NA,NA,NA,NA
1990,46,1,1,43668,23650,0.648682373213702,TRUE,0.648682373213702
1990,46,2,1,59393,11224,0.841058102156705,TRUE,0.841058102156705
1990,46,3,1,49162,0,1,FALSE,0.75
1990,46,4,1,57137,13754,0.805983834337222,TRUE,0.805983834337222
1990,46,5,1,89926,20588,0.813706860669236,TRUE,0.813706860669236
1990,47,1,1,105832,57526,0.647853181356285,TRUE,0.647853181356285
1990,47,2,1,130979,44263,0.747417856449938,TRUE,0.747417856449938
1990,47,3,1,83930,57605,0.592998198325502,TRUE,0.592998198325502
1990,47,4,1,139396,100661,0.580678755462244,TRUE,0.580678755462244
1990,47,5,1,113814,78747,0.591054263324349,TRUE,0.591054263324349
1990,47,6,-1,62913,125392,0.334101590504766,TRUE,0.334101590504766
1990,47,7,1,94946,49681,0.656488760743153,TRUE,0.656488760743153
1990,47,8,1,98700,80852,0.549701479237213,TRUE,0.549701479237213
1990,47,9,-1,80802,131936,0.379819308257105,TRUE,0.379819308257105
1990,47,10,-1,65710,106400,0.381790715240253,TRUE,0.381790715240253
1990,47,11,1,99318,101991,0.493360952565459,TRUE,0.493360952565459
1990,48,1,-1,42555,80839,0.344870901340422,TRUE,0.344870901340422
1990,48,2,-1,0,90054,0,FALSE,0.25
1990,48,3,1,72561,52419,0.580580892942871,TRUE,0.580580892942871
1990,48,4,1,81927,51338,0.614767568378794,TRUE,0.614767568378794
1990,48,5,1,91775,0,1,FALSE,0.75
1990,48,6,1,94121,0,1,FALSE,0.75
1990,49,1,1,89241,56954,0.610424433120148,TRUE,0.610424433120148
1990,49,2,1,76974,61555,0.55565260703535,TRUE,0.55565260703535
1990,49,3,-1,0,153857,0,FALSE,0.25
1990,49,4,1,108300,0,1,FALSE,0.75
1990,49,5,1,65228,41307,0.612268268644108,TRUE,0.612268268644108
1990,49,6,-1,62344,125049,0.332691189105249,TRUE,0.332691189105249
1990,49,7,-1,0,114254,0,FALSE,0.25
1990,49,8,-1,0,60603,0,FALSE,0.25
1990,49,9,1,79786,58399,0.577385389152223,TRUE,0.577385389152223
1990,49,10,1,152784,73766,0.67439417347164,TRUE,0.67439417347164
1990,49,11,0,73810,64269,0.53454906249321,TRUE,0.53454906249321
1990,49,12,1,98026,39438,0.713103066984811,TRUE,0.713103066984811
1990,49,13,1,81815,63045,0.564786690597819,TRUE,0.564786690597819
1990,49,14,1,89251,75098,0.543057761227631,TRUE,0.543057761227631
1990,49,15,1,72461,0,1,FALSE,0.75
1990,49,16,1,62455,0,1,FALSE,0.75
1990,49,17,1,104100,0,1,FALSE,0.75
1990,49,18,1,54477,0,1,FALSE,0.75
1990,49,19,-1,0,83795,0,FALSE,0.25
1990,49,20,1,56318,0,1,FALSE,0.75
1990,49,21,-1,48585,144570,0.251533742331288,TRUE,0.251533742331288
1990,49,22,-1,37721,93425,0.287626004605554,TRUE,0.287626004605554
1990,49,23,1,71052,40856,0.634914393966472,TRUE,0.634914393966472
1990,49,24,1,86297,0,1,FALSE,0.75
1990,49,25,1,67427,0,1,FALSE,0.75
1990,49,26,-1,62158,147856,0.295970744807489,TRUE,0.295970744807489
1990,49,27,1,62822,0,1,FALSE,0.75
1990,51,1,1,85323,0,1,FALSE,0.75
1990,51,2,1,77057,39624,0.660407435657905,TRUE,0.660407435657905
1990,51,3,1,84750,55188,0.605625348368563,TRUE,0.605625348368563
1990,51,4,-1,44979,101680,0.306691031576651,TRUE,0.306691031576651
1990,51,5,-1,0,64660,0,FALSE,0.25
1990,51,6,-1,0,76859,0,FALSE,0.25
1990,51,7,1,61330,59377,0.5080898373748,TRUE,0.5080898373748
1990,52,1,1,67518,88920,0.431595903808538,TRUE,0.431595903808538
1990,52,2,-1,39785,115398,0.256374731768299,TRUE,0.256374731768299
1990,52,3,1,82545,35841,0.697253053570524,TRUE,0.697253053570524
1990,52,4,1,85601,59846,0.588537405377904,TRUE,0.588537405377904
1990,52,5,1,84747,20314,0.806645662995783,TRUE,0.806645662995783
1990,52,6,1,106502,56479,0.653462673563176,TRUE,0.653462673563176
1990,52,7,1,59628,10529,0.849922317088815,TRUE,0.849922317088815
1990,52,8,-1,39343,130059,0.232246372533972,TRUE,0.232246372533972
1990,53,1,-1,59521,75618,0.440442803335825,TRUE,0.440442803335825
1990,53,2,1,90820,57331,0.613023199303413,TRUE,0.613023199303413
1990,53,3,0,107641,26261,0.803878956251587,TRUE,0.803878956251587
1990,53,4,1,100879,36232,0.735746949551823,TRUE,0.735746949551823
1990,53,5,-1,50086,114608,0.30411551119045,TRUE,0.30411551119045
1990,53,6,1,110100,27540,0.799912816041848,TRUE,0.799912816041848
1990,54,1,-1,0,47796,0,FALSE,0.25
1990,54,2,-1,0,62797,0,FALSE,0.25
1990,54,3,1,49662,36855,0.574014355560179,TRUE,0.574014355560179
1990,54,4,1,52101,22890,0.694763371604593,TRUE,0.694763371604593
1990,54,5,1,55607,0,1,FALSE,0.75
1990,54,6,1,60538,26424,0.696143142981992,TRUE,0.696143142981992
1990,54,7,-1,40516,66141,0.379871925893284,TRUE,0.379871925893284
1990,54,8,1,62241,0,1,FALSE,0.75
1990,54,9,1,48629,25730,0.653975981387593,TRUE,0.653975981387593
1990,56,1,1,72849,35657,0.67138222771091,TRUE,0.67138222771091
1990,56,2,1,63174,50708,0.554732091111853,TRUE,0.554732091111853
1990,56,3,1,75327,0,1,FALSE,0.75
1990,56,4,1,39948,36946,0.51952037870315,TRUE,0.51952037870315
1990,61,1,-1,0,166223,0,FALSE,0.25
1990,61,2,1,76549,39586,0.659138072071296,TRUE,0.659138072071296
1990,61,3,-1,103018,134279,0.434131067817967,TRUE,0.434131067817967
1990,61,4,-1,89395,141843,0.3865930340169,TRUE,0.3865930340169
1990,61,5,-1,75642,138975,0.352451110583039,TRUE,0.352451110583039
1990,62,1,1,82176,46802,0.637131913969824,TRUE,0.637131913969824
1990,62,2,1,105248,68226,0.60670763342057,TRUE,0.60670763342057
1990,62,3,1,124487,49961,0.713605200403559,TRUE,0.713605200403559
1990,62,4,0,75901,89285,0.459488092211204,TRUE,0.459488092211204
1990,62,5,-1,57776,127740,0.311434054205567,TRUE,0.311434054205567
1990,62,6,-1,57961,105312,0.354994395889094,TRUE,0.354994395889094
1990,63,1,0,85054,75406,0.530063567244173,TRUE,0.530063567244173
1990,63,2,1,98008,56044,0.636200763378599,TRUE,0.636200763378599
1990,64,1,1,100409,63837,0.611333000499251,TRUE,0.611333000499251
1990,64,2,-1,56739,96449,0.370388019949343,TRUE,0.370388019949343
1990,65,1,1,84650,47377,0.641156733092474,TRUE,0.641156733092474
1990,65,2,-1,59581,103508,0.365328133718399,TRUE,0.365328133718399
1990,66,1,-1,41306,97375,0.297849020413755,TRUE,0.297849020413755
1990,66,2,-1,0,80677,0,FALSE,0.25
1990,66,3,1,104225,35751,0.744591930045151,TRUE,0.744591930045151
1990,67,1,-1,69491,82746,0.456465905134757,TRUE,0.456465905134757
1990,67,2,1,85167,58869,0.591289677580605,TRUE,0.591289677580605
1990,67,3,0,79163,49452,0.615503634879291,TRUE,0.615503634879291
1990,68,98,-1,70977,87078,0.449065198823194,TRUE,0.449065198823194
1990,71,1,1,96468,99782,0.491556687898089,TRUE,0.491556687898089
1990,71,2,-1,65333,133315,0.328888284805284,TRUE,0.328888284805284
1990,71,3,1,132143,76148,0.634415313191641,TRUE,0.634415313191641
1990,71,4,1,115090,82738,0.58176800048527,TRUE,0.58176800048527
1990,71,5,1,120633,35671,0.771784471286723,TRUE,0.771784471286723
1990,71,6,1,137306,64402,0.680716679556587,TRUE,0.680716679556587
1990,71,7,1,121080,79031,0.605064189374897,TRUE,0.605064189374897
1990,71,8,1,119645,75544,0.612969993186091,TRUE,0.612969993186091
1990,71,9,1,94739,67412,0.584264050175454,TRUE,0.584264050175454
1990,71,10,1,81875,48747,0.626808653978656,TRUE,0.626808653978656
1990,71,11,1,105029,45818,0.696261775176172,TRUE,0.696261775176172
1990,71,12,-1,69270,125157,0.356277677483066,TRUE,0.356277677483066
1990,71,13,1,97286,59773,0.619423274056246,TRUE,0.619423274056246
1990,71,14,0,120742,128309,0.484808332429904,TRUE,0.484808332429904
1990,71,15,1,97147,49634,0.661849966957576,TRUE,0.661849966957576
1990,71,16,1,134236,39885,0.770935154289259,TRUE,0.770935154289259
1990,71,17,-1,82611,68848,0.545434738113945,TRUE,0.545434738113945
1990,71,18,1,98804,0,1,FALSE,0.75
1990,71,19,-1,76991,94599,0.448691648697477,TRUE,0.448691648697477
1990,71,20,-1,65101,112962,0.365606554983349,TRUE,0.365606554983349
1990,71,21,-1,68921,118326,0.368075322969126,TRUE,0.368075322969126
1990,71,22,-1,61630,108634,0.361967297843349,TRUE,0.361967297843349
1990,71,23,1,103141,57118,0.643589439594656,TRUE,0.643589439594656
1990,71,24,1,71562,26607,0.728967392965193,TRUE,0.728967392965193
1990,71,25,1,48120,17021,0.738705270106385,TRUE,0.738705270106385
1990,71,26,1,78031,44492,0.636868179851946,TRUE,0.636868179851946
1990,71,27,1,90857,58140,0.60979080115707,TRUE,0.60979080115707
1990,71,28,1,69482,21245,0.765835969446802,TRUE,0.765835969446802
1990,71,29,0,51350,12054,0.809885811620718,TRUE,0.809885811620718
1990,71,30,1,45456,28914,0.611214199273901,TRUE,0.611214199273901
1990,71,31,1,56394,27593,0.671461059449677,TRUE,0.671461059449677
1990,71,32,1,68268,42692,0.615248738284066,TRUE,0.615248738284066
1990,71,33,-1,49981,101336,0.330306574938705,TRUE,0.330306574938705
1990,71,34,1,55646,36024,0.60702519908367,TRUE,0.60702519908367
1990,71,35,-1,66100,121602,0.352153946148683,TRUE,0.352153946148683
1990,71,36,1,72409,64961,0.527109266943292,TRUE,0.527109266943292
1990,71,37,-1,103961,115469,0.473777514469307,TRUE,0.473777514469307
1990,71,38,-1,43693,60561,0.419101425364974,TRUE,0.419101425364974
1990,71,39,-1,53670,113849,0.320381568657884,TRUE,0.320381568657884
1990,71,40,-1,68087,142299,0.323628948694305,TRUE,0.323628948694305
1990,71,41,-1,93586,105723,0.469552303207582,TRUE,0.469552303207582
1990,71,42,-1,67189,109353,0.380583657146741,TRUE,0.380583657146741
1990,71,43,-1,0,151206,0,FALSE,0.25
1990,71,44,1,48712,50377,0.491598461988717,TRUE,0.491598461988717
1990,71,45,-1,0,123591,0,FALSE,0.25
1990,72,1,1,150292,72382,0.674941843232708,TRUE,0.674941843232708
1990,72,2,-1,60131,127998,0.319626426547741,TRUE,0.319626426547741
1990,72,3,1,169731,40216,0.808446893739849,TRUE,0.808446893739849
1990,72,4,1,162494,0,1,FALSE,0.75
1990,72,5,-1,124610,101650,0.550738088924246,TRUE,0.550738088924246
1990,73,1,-1,92447,100339,0.479531708734037,TRUE,0.479531708734037
1990,73,2,1,92837,75669,0.550941806226484,TRUE,0.550941806226484
1990,73,3,1,95645,82269,0.537591195746259,TRUE,0.537591195746259
1990,73,4,-1,44241,106545,0.293402570530421,TRUE,0.293402570530421
1990,73,5,1,110234,49965,0.688106667332505,TRUE,0.688106667332505
1990,73,6,1,79079,49786,0.613657703798549,TRUE,0.613657703798549
1990,73,7,1,106761,35511,0.750400641025641,TRUE,0.750400641025641
1990,73,8,-1,75031,96323,0.437871307352031,TRUE,0.437871307352031
1990,81,98,-1,91677,99003,0.480789804908748,TRUE,0.480789804908748
1990,82,1,0,97622,62982,0.607842893078628,TRUE,0.607842893078628
1990,82,2,0,118155,54625,0.683846510012733,TRUE,0.683846510012733
